Name,Location,Year,Kilometers_Driven,Fuel_Type,Transmission,Owner_Type,Mileage,Engine,Power,Seats,New_Price,Price,make,model
Maruti Wagon R LXI CNG,9,2010,72000,CNG,Manual,First,26.6,998,58.16,5.0,5.5,1.75,Maruti,Wagon
Maruti Ertiga VDI,2,2012,87000,Diesel,Manual,First,20.77,1248,88.76,7.0,11.3,6.0,Maruti,Ertiga
Maruti Ciaz Zeta,7,2018,25692,Petrol,Manual,First,21.56,1462,103.25,5.0,11.1,9.95,Maruti,Ciaz
Maruti Swift VDI BSIV,6,2015,64424,Diesel,Manual,First,25.2,1248,74.0,5.0,8,5.6,Maruti,Swift
Maruti Swift DDiS VDI,6,2017,25000,Diesel,Manual,First,28.4,1248,74.0,5.0,8,5.99,Maruti,Swift
Maruti Alto K10 2010-2014 VXI,5,2013,54000,Petrol,Manual,Second,20.92,998,67.1,5.0,4.45,2.75,Maruti,Alto
Maruti Wagon R LXI BSIII,6,2009,83816,Petrol,Manual,Second,14.0,1061,64.0,5.0,5.5,1.85,Maruti,Wagon
Maruti Alto LXi,4,2008,90000,Petrol,Manual,Second,19.7,796,46.3,5.0,4.45,1.25,Maruti,Alto
Maruti Swift LDI,4,2014,52000,Diesel,Manual,First,22.9,1248,74.0,5.0,8,4.25,Maruti,Swift
Maruti Swift Ldi BSIV,8,2014,53000,Diesel,Manual,First,17.8,1248,75.0,5.0,8,3.3,Maruti,Swift
Maruti Swift VDI,4,2013,65650,Diesel,Manual,First,28.4,1248,74.0,5.0,8,3.85,Maruti,Swift
Maruti Ertiga SHVS VDI,10,2016,63000,Diesel,Manual,First,24.52,1248,88.5,7.0,11.3,8.15,Maruti,Ertiga
Maruti Swift VDI,6,2012,95100,Diesel,Manual,First,22.9,1248,74.0,5.0,8,3.75,Maruti,Swift
Maruti Wagon R VXI BS IV,1,2016,62000,Petrol,Manual,First,18.9,998,67.1,5.0,5.5,4.45,Maruti,Wagon
Maruti Wagon R LXI BS IV,10,2011,43874,Petrol,Manual,First,18.9,998,67.1,5.0,5.5,2.45,Maruti,Wagon
Maruti Wagon R LXI CNG,10,2013,89900,CNG,Manual,First,26.6,998,58.16,5.0,5.5,3.25,Maruti,Wagon
Maruti Ciaz VXi Plus,7,2017,44285,Petrol,Manual,First,20.73,1373,91.1,5.0,11.1,7.47,Maruti,Ciaz
Maruti Alto K10 VXI,5,2014,88500,Petrol,Manual,First,24.07,998,67.1,5.0,4.45,2.6,Maruti,Alto
Maruti Alto LXi BSIII,2,2010,94385,Petrol,Manual,Second,19.7,796,46.3,5.0,4.45,1.6,Maruti,Alto
Maruti Swift VVT VXI,7,2016,34204,Petrol,Manual,First,22.0,1197,81.8,5.0,8,5.43,Maruti,Swift
Maruti Ciaz 1.4 Alpha,7,2018,41283,Petrol,Manual,First,20.73,1373,91.1,5.0,11.1,9.9,Maruti,Ciaz
Maruti Swift VDI,2,2016,35000,Diesel,Manual,First,22.9,1248,74.0,5.0,8,6.25,Maruti,Swift
Maruti Swift VXI Optional,0,2017,24005,Petrol,Manual,First,20.4,1197,81.8,5.0,8,6.2,Maruti,Swift
Maruti Ertiga ZDI,9,2016,33000,Diesel,Manual,First,25.47,1248,88.5,7.0,11.3,8.5,Maruti,Ertiga
Maruti Wagon R AMT VXI,9,2016,8500,Petrol,Automatic,First,20.51,998,67.0,5.0,5.5,4.22,Maruti,Wagon
Maruti Wagon R LXI,2,2004,61000,Petrol,Manual,Second,18.9,998,67.1,5.0,5.5,1.25,Maruti,Wagon
Maruti Swift VDI BSIV,4,2013,47000,Diesel,Manual,First,17.8,1248,67.1,5.0,8,4.1,Maruti,Swift
Maruti Swift ZDi,5,2016,64000,Diesel,Manual,First,22.9,1248,74.0,5.0,8,6.8,Maruti,Swift
Maruti Ertiga VDI,2,2013,52000,Diesel,Manual,First,20.77,1248,88.76,7.0,11.3,6.9,Maruti,Ertiga
Maruti Ciaz 1.3 Alpha,2,2016,34000,Diesel,Manual,First,28.09,1248,88.5,5.0,11.1,8.45,Maruti,Ciaz
Maruti Swift VXI BSIV,3,2017,27872,Petrol,Manual,Second,20.4,1197,81.8,5.0,8,5.95,Maruti,Swift
Maruti Swift VDI,10,2012,120000,Diesel,Manual,First,22.9,1248,74.0,5.0,8,3.75,Maruti,Swift
Maruti Swift VDI,5,2018,31025,Diesel,Manual,First,28.4,1248,74.0,5.0,8,7.15,Maruti,Swift
Maruti Swift Dzire ZDI,6,2012,73000,Diesel,Manual,First,23.4,1248,74.0,5.0,8,4.35,Maruti,Swift
Maruti Alto 800 LXI,7,2016,32227,Petrol,Manual,First,22.74,796,47.3,5.0,4.45,3.26,Maruti,Alto
Maruti Wagon R LXI Minor,4,2009,60000,Petrol,Manual,First,18.9,1061,67.0,5.0,5.5,1.35,Maruti,Wagon
Maruti Swift VDI BSIV,8,2011,60020,Diesel,Manual,First,17.8,1248,67.0,5.0,8,2.5,Maruti,Swift
Maruti Wagon R LXI BS IV,4,2012,65000,Petrol,Manual,First,18.9,998,67.1,5.0,5.5,2.65,Maruti,Wagon
Maruti Ertiga Paseo VXI,9,2018,18000,Petrol,Manual,First,16.02,1373,93.7,7.0,11.3,8.25,Maruti,Ertiga
Maruti Swift Dzire VDi,8,2012,48000,Diesel,Manual,First,19.3,1248,73.9,5.0,8,3.7,Maruti,Swift
Maruti Swift VDI BSIV,5,2015,76496,Diesel,Manual,First,25.2,1248,74.0,5.0,8,6.15,Maruti,Swift
Maruti Alto LXi,0,2009,35000,Petrol,Manual,First,19.7,796,46.3,5.0,4.45,1.5,Maruti,Alto
Maruti Alto LXi,2,2006,56000,Petrol,Manual,Second,19.7,796,46.3,5.0,4.45,1.4,Maruti,Alto
Maruti Alto LXi,10,2012,38000,Petrol,Manual,First,19.7,796,46.3,5.0,4.45,2.25,Maruti,Alto
Maruti Alto K10 VXI,10,2017,30000,Petrol,Manual,First,24.07,998,67.1,5.0,4.45,3.75,Maruti,Alto
Maruti Swift LDI,4,2013,70000,Diesel,Manual,First,22.9,1248,74.0,5.0,8,3.5,Maruti,Swift
Maruti Swift Dzire VXi AT,9,2016,18000,Petrol,Automatic,First,18.5,1197,83.14,5.0,8,6.2,Maruti,Swift
Maruti Swift Dzire Tour LDI,9,2015,130000,Diesel,Manual,First,23.4,1248,74.0,5.0,8,3.25,Maruti,Swift
Maruti Alto 800 2016-2019 LXI,8,2018,26200,Petrol,Manual,First,24.7,796,47.3,5.0,4.45,2.9,Maruti,Alto
Maruti Alto VXi,1,2011,11000,Petrol,Manual,Third,18.9,796,47.0,5.0,4.45,2.9,Maruti,Alto
Maruti Wagon R VXI BS IV,8,2014,17400,Petrol,Manual,First,20.51,998,67.04,5.0,5.5,3.1,Maruti,Wagon
Maruti Alto LX,6,2010,125000,Petrol,Manual,First,19.7,796,46.3,5.0,4.45,0.92,Maruti,Alto
Maruti Wagon R LXI BSIII,10,2013,53000,Petrol,Manual,First,14.0,1061,64.0,5.0,5.5,2.75,Maruti,Wagon
Maruti Alto 800 LXI,7,2016,34267,Petrol,Manual,First,22.74,796,47.3,5.0,4.45,3.74,Maruti,Alto
Maruti Wagon R LXI BSII,0,2007,55100,Petrol,Manual,First,18.9,998,67.1,5.0,5.5,1.45,Maruti,Wagon
Maruti Ciaz 1.3 S,3,2017,25142,Diesel,Manual,First,28.09,1248,88.5,5.0,11.1,8.26,Maruti,Ciaz
Maruti Ertiga VXI,6,2014,98000,Petrol,Manual,First,16.02,1373,93.7,7.0,11.3,5.5,Maruti,Ertiga
Maruti Wagon R VXI,0,2011,75000,Petrol,Manual,First,18.9,998,67.1,5.0,5.5,2.6,Maruti,Wagon
Maruti Swift Vdi BSIII,5,2010,86000,Diesel,Manual,Second,17.8,1248,75.0,5.0,8,3.6,Maruti,Swift
Maruti Wagon R LXI,0,2012,30000,Petrol,Manual,First,22.5,998,67.04,5.0,5.5,3.3,Maruti,Wagon
Maruti Swift VXI,7,2019,20667,Petrol,Manual,First,22.0,1197,81.8,5.0,8,6.37,Maruti,Swift
Maruti Swift VXI Optional,7,2017,31696,Petrol,Manual,First,20.4,1197,81.8,5.0,8,5.75,Maruti,Swift
Maruti Ertiga ZXI,9,2014,13361,Petrol,Manual,First,16.02,1373,93.7,7.0,11.3,6.8,Maruti,Ertiga
Maruti Ertiga VXI,6,2014,47399,Petrol,Manual,First,16.02,1373,93.7,7.0,11.3,5.6,Maruti,Ertiga
Maruti Swift Dzire LDi,5,2011,130002,Diesel,Manual,First,19.3,1248,73.9,5.0,8,3.85,Maruti,Swift
Maruti Ciaz RS ZDi Plus SHVS,4,2016,41000,Diesel,Manual,First,28.09,1248,88.5,5.0,11.1,9.5,Maruti,Ciaz
Maruti Swift Dzire VXi,10,2010,109200,Petrol,Manual,Second,17.5,1298,85.8,5.0,8,2.2,Maruti,Swift
Maruti Ertiga ZDI,10,2013,105000,Diesel,Manual,Second,25.47,1248,88.5,7.0,11.3,6.75,Maruti,Ertiga
Maruti Swift Dzire VDI,3,2016,38461,Diesel,Manual,First,26.59,1248,74.0,5.0,8,7.39,Maruti,Swift
Maruti Swift ZXI,2,2013,49000,Petrol,Manual,First,18.6,1197,85.8,5.0,8,4.45,Maruti,Swift
Maruti Swift VDI,2,2014,35000,Diesel,Manual,First,22.9,1248,74.0,5.0,8,5.25,Maruti,Swift
Maruti Ertiga VDI,8,2013,53073,Diesel,Manual,First,20.77,1248,88.76,7.0,11.3,5.95,Maruti,Ertiga
Maruti Swift Dzire VDi,5,2011,81759,Diesel,Manual,First,19.3,1248,73.9,5.0,8,4.39,Maruti,Swift
Maruti Swift LDI Optional,7,2018,52010,Diesel,Manual,First,25.2,1248,74.0,5.0,8,6.2,Maruti,Swift
Maruti Ciaz ZDi Plus SHVS,6,2017,36381,Diesel,Manual,First,28.09,1248,88.5,5.0,11.1,9.75,Maruti,Ciaz
Maruti Alto K10 VXI,1,2011,64357,Petrol,Manual,First,24.07,998,67.1,5.0,4.45,2.75,Maruti,Alto
Maruti Ciaz ZXi,10,2014,49500,Petrol,Manual,First,20.73,1373,91.1,5.0,11.1,6.0,Maruti,Ciaz
Maruti Ertiga ZDI,5,2015,59000,Diesel,Manual,First,20.77,1248,88.8,7.0,11.3,7.5,Maruti,Ertiga
Maruti Swift Dzire VDI,6,2015,60000,Diesel,Manual,First,26.59,1248,74.0,5.0,8,6.25,Maruti,Swift
Maruti Ciaz VDI SHVS,7,2017,41217,Diesel,Manual,First,28.09,1248,88.5,5.0,11.1,7.4,Maruti,Ciaz
Maruti Alto K10 VXI AGS,5,2017,25058,Petrol,Automatic,First,24.07,998,67.1,5.0,4.45,3.95,Maruti,Alto
Maruti Swift Dzire ZXi,10,2008,64000,Petrol,Manual,Second,17.5,1298,85.8,5.0,8,2.85,Maruti,Swift
Maruti Alto 800 LXI,7,2017,54250,Petrol,Manual,First,22.74,796,47.3,5.0,4.45,3.51,Maruti,Alto
Maruti Wagon R LXI BS IV,7,2015,43828,Petrol,Manual,First,20.51,998,67.04,5.0,5.5,3.52,Maruti,Wagon
Maruti Swift Dzire VXI,9,2015,19000,Petrol,Manual,First,20.85,1197,83.14,5.0,8,5.25,Maruti,Swift
Maruti Swift LDI SP Limited Edition,5,2016,54631,Diesel,Manual,First,25.2,1248,74.0,5.0,8,6.25,Maruti,Swift
Maruti Swift VDI BSIV,1,2007,60000,Diesel,Manual,Second,17.8,1248,74.0,5.0,8,3.4,Maruti,Swift
Maruti Ertiga VDI,0,2017,63939,Diesel,Manual,First,25.47,1248,88.5,7.0,11.3,7.75,Maruti,Ertiga
Maruti Swift VDI BSIV,4,2015,63000,Diesel,Manual,First,25.2,1248,74.0,5.0,8,4.9,Maruti,Swift
Maruti Alto LXi BSIII,5,2012,67147,Petrol,Manual,First,19.7,796,46.3,5.0,4.45,2.6,Maruti,Alto
Maruti Swift VXI BSIV,3,2016,37806,Petrol,Manual,First,20.4,1197,81.8,5.0,8,5.2,Maruti,Swift
Maruti Wagon R VXI BS IV,1,2010,81245,Petrol,Manual,First,18.9,998,67.1,5.0,5.5,2.45,Maruti,Wagon
Maruti Wagon R VXI,3,2015,72599,Petrol,Manual,First,22.5,998,67.04,5.0,5.5,4.32,Maruti,Wagon
Maruti Ertiga ZXI,1,2013,68000,Petrol,Manual,Second,16.02,1373,93.7,7.0,11.3,6.25,Maruti,Ertiga
Maruti Swift Dzire VDI,10,2013,88000,Diesel,Manual,First,23.4,1248,74.0,5.0,8,4.75,Maruti,Swift
Maruti Ertiga ZDI,7,2013,39929,Diesel,Manual,First,20.77,1248,88.8,7.0,11.3,6.56,Maruti,Ertiga
Maruti Alto K10 LXI,10,2014,49000,Petrol,Manual,First,24.07,998,67.1,5.0,4.45,2.3,Maruti,Alto
Maruti Wagon R LXI BS IV,8,2014,40000,Petrol,Manual,First,20.51,998,67.04,5.0,5.5,2.49,Maruti,Wagon
Maruti Alto 800 LXI,5,2014,58500,Petrol,Manual,First,22.74,796,47.3,5.0,4.45,2.75,Maruti,Alto
Maruti Wagon R LXI Optional,8,2014,25000,Petrol,Manual,First,20.51,998,67.04,5.0,5.5,2.75,Maruti,Wagon
Maruti Swift ZXI,3,2014,33372,Petrol,Manual,Second,18.6,1197,85.8,5.0,8,6.21,Maruti,Swift
Maruti Alto Green LXi (CNG),4,2012,65537,CNG,Manual,First,26.83,796,38.4,5.0,4.45,2.1,Maruti,Alto
Maruti Ertiga ZDI,9,2014,64000,Diesel,Manual,First,20.77,1248,88.8,7.0,11.3,7.25,Maruti,Ertiga
Maruti Swift DDiS ZDI Plus,5,2018,5456,Diesel,Manual,First,28.4,1248,74.0,5.0,8,8.65,Maruti,Swift
Maruti Wagon R LXI,0,2015,51530,Petrol,Manual,First,18.9,998,67.1,5.0,5.5,3.2,Maruti,Wagon
Maruti Swift Dzire ZDI,1,2014,25789,Diesel,Manual,Second,23.4,1248,74.0,5.0,8,6.85,Maruti,Swift
Maruti Swift ZDI,4,2012,52000,Diesel,Manual,First,28.4,1248,74.0,5.0,8,3.55,Maruti,Swift
Maruti Ertiga VDI,3,2016,85827,Diesel,Manual,First,20.77,1248,88.76,7.0,11.3,7.5,Maruti,Ertiga
Maruti Swift Dzire Vdi BSIV,9,2008,91000,Diesel,Manual,Second,19.3,1248,73.9,5.0,8,2.85,Maruti,Swift
Maruti Swift Dzire VXI,1,2013,38623,Petrol,Manual,First,19.1,1197,85.8,5.0,8,5.0,Maruti,Swift
Maruti Swift ZDi,3,2014,59923,Diesel,Manual,First,22.9,1248,74.0,5.0,8,6.46,Maruti,Swift
Maruti Swift Dzire VDi,5,2010,130000,Diesel,Manual,First,19.3,1248,73.9,5.0,8,3.65,Maruti,Swift
Maruti Ciaz 1.4 Delta,0,2017,6006,Petrol,Manual,First,20.73,1373,91.1,5.0,11.1,8.25,Maruti,Ciaz
Maruti Wagon R LXI LPG BSIV,5,2012,72000,LPG,Manual,First,26.2,998,58.2,5.0,5.5,2.85,Maruti,Wagon
Maruti Ciaz ZDi SHVS,0,2016,56000,Diesel,Manual,First,28.09,1248,88.5,5.0,11.1,7.5,Maruti,Ciaz
Maruti Swift Dzire Tour LDI,6,2014,96000,Diesel,Manual,First,23.4,1248,74.0,5.0,8,4.8,Maruti,Swift
Maruti Alto 800 VXI,8,2016,26000,Petrol,Manual,First,22.74,796,47.3,5.0,4.45,2.6,Maruti,Alto
Maruti Swift Dzire VXi,8,2008,47000,Petrol,Manual,Second,17.5,1298,85.8,5.0,8,1.4,Maruti,Swift
Maruti Wagon R LXI,4,2007,65000,Petrol,Manual,Second,18.9,998,67.1,5.0,5.5,1.25,Maruti,Wagon
Maruti Wagon R VXI BS IV,10,2014,51000,Petrol,Manual,First,20.51,998,67.04,5.0,5.5,3.1,Maruti,Wagon
Maruti Alto K10 2010-2014 VXI,2,2011,91211,Petrol,Manual,First,20.92,998,67.1,5.0,4.45,2.1,Maruti,Alto
Maruti Wagon R LXI DUO BSIII,9,2008,64226,LPG,Manual,First,17.3,1061,57.5,5.0,5.5,1.45,Maruti,Wagon
Maruti Ciaz 1.3 Alpha,4,2017,26322,Diesel,Manual,First,28.09,1248,88.5,5.0,11.1,8.9,Maruti,Ciaz
Maruti Swift VXI BSIV,9,2016,9107,Petrol,Manual,First,20.4,1197,81.8,5.0,8,5.15,Maruti,Swift
Maruti Wagon R VXI Minor,2,2010,134000,Petrol,Manual,Second,18.9,1061,67.0,5.0,5.5,1.65,Maruti,Wagon
Maruti Swift Dzire AMT ZDI,3,2017,24852,Diesel,Automatic,First,26.59,1248,74.0,5.0,8,8.08,Maruti,Swift
Maruti Wagon R LXI Minor,2,2008,55000,Petrol,Manual,Second,18.9,1061,67.0,5.0,5.5,1.75,Maruti,Wagon
Maruti Swift ZDi,5,2014,81000,Diesel,Manual,First,25.2,1248,74.0,5.0,8,6.1,Maruti,Swift
Maruti Swift Dzire VDI Optional,7,2019,18592,Diesel,Manual,First,26.59,1248,74.0,5.0,8,8.51,Maruti,Swift
Maruti Swift VDI,8,2012,82000,Diesel,Manual,Second,22.9,1248,74.0,5.0,8,2.5,Maruti,Swift
Maruti Swift VXI,3,2013,61110,Petrol,Manual,First,18.6,1197,85.8,5.0,8,4.57,Maruti,Swift
Maruti Swift Dzire LDI,4,2014,68462,Diesel,Manual,First,26.59,1248,74.0,5.0,8,4.15,Maruti,Swift
Maruti Wagon R VXI,4,2016,22000,Petrol,Manual,First,18.9,998,67.1,5.0,5.5,3.7,Maruti,Wagon
Maruti Swift Dzire VDI,8,2014,45000,Diesel,Manual,First,23.4,1248,74.0,5.0,8,3.85,Maruti,Swift
Maruti Ertiga VDI,10,2016,130000,Diesel,Manual,First,25.47,1248,88.5,7.0,11.3,7.0,Maruti,Ertiga
Maruti Ertiga ZDI,0,2013,67443,Diesel,Manual,First,20.77,1248,88.8,7.0,11.3,5.75,Maruti,Ertiga
Maruti Alto LXi BSIII,5,2009,35000,Petrol,Manual,First,19.7,796,46.3,5.0,4.45,1.7,Maruti,Alto
Maruti Swift ZDi,10,2016,58000,Diesel,Manual,First,22.9,1248,74.0,5.0,8,7.55,Maruti,Swift
Maruti Alto K10 VXI AGS,10,2015,73204,Petrol,Automatic,First,24.07,998,67.1,5.0,4.45,3.3,Maruti,Alto
Maruti Wagon R VXI,8,2015,14000,Petrol,Manual,First,18.9,998,67.1,5.0,5.5,2.8,Maruti,Wagon
Maruti Wagon R VXI,3,2008,53934,Petrol,Manual,Second,18.9,998,67.1,5.0,5.5,2.69,Maruti,Wagon
Maruti Alto 800 2016-2019 LXI,9,2016,24000,Petrol,Manual,First,24.7,796,47.3,5.0,4.45,2.8,Maruti,Alto
Maruti Swift LXI,10,2013,32953,Petrol,Manual,First,18.6,1197,85.8,5.0,8,4.65,Maruti,Swift
Maruti Swift VDi BSIII W/ ABS,10,2015,79000,Diesel,Manual,First,17.8,1248,75.0,5.0,8,5.75,Maruti,Swift
Maruti Swift Dzire VDI,8,2014,57000,Diesel,Manual,First,26.59,1248,74.0,5.0,8,3.89,Maruti,Swift
Maruti Ciaz VDi Plus SHVS,6,2017,38282,Diesel,Manual,First,28.09,1248,88.5,5.0,11.1,8.5,Maruti,Ciaz
Maruti Swift VDI BSIV,1,2013,23000,Diesel,Manual,First,17.8,1248,88.5,5.0,8,5.6,Maruti,Swift
Maruti Wagon R VXI BSIII,2,2013,79000,Petrol,Manual,First,18.9,998,67.1,5.0,5.5,3.0,Maruti,Wagon
Maruti Swift VXi BSIV,4,2016,42000,Petrol,Manual,First,16.1,1197,85.0,5.0,8,4.75,Maruti,Swift
Maruti Swift Dzire AMT ZDI,6,2016,54897,Diesel,Automatic,First,26.59,1248,74.0,5.0,8,7.3,Maruti,Swift
Maruti Swift VXI BSIII,0,2008,65000,Petrol,Manual,First,16.1,1298,88.2,5.0,8,2.71,Maruti,Swift
Maruti Swift Dzire VXi,9,2011,58075,Petrol,Manual,First,17.5,1298,85.8,5.0,8,2.95,Maruti,Swift
Maruti Swift ZDi,5,2015,58000,Diesel,Manual,First,25.2,1248,74.0,5.0,8,5.95,Maruti,Swift
Maruti Wagon R LXI BS IV,8,2012,35503,Petrol,Manual,First,18.9,998,67.1,5.0,5.5,2.3,Maruti,Wagon
Maruti Swift VDI BSIV,6,2016,41460,Diesel,Manual,First,25.2,1248,74.0,5.0,8,5.9,Maruti,Swift
Maruti Alto 800 VXI,10,2014,32000,Petrol,Manual,Second,22.74,796,47.3,5.0,4.45,2.1,Maruti,Alto
Maruti Alto 800 LXI,8,2013,56840,Petrol,Manual,First,22.74,796,47.3,5.0,4.45,1.55,Maruti,Alto
Maruti Ertiga VDI,9,2016,54000,Diesel,Manual,First,20.77,1248,88.76,7.0,11.3,7.75,Maruti,Ertiga
Maruti Wagon R LXI CNG,10,2015,70000,CNG,Manual,First,26.2,998,58.2,5.0,5.5,3.65,Maruti,Wagon
Maruti Swift VDI,7,2017,34613,Diesel,Manual,First,28.4,1248,74.0,5.0,8,6.24,Maruti,Swift
Maruti Ertiga VDI Limited Edition,2,2015,153000,Diesel,Manual,First,20.77,1248,88.76,7.0,11.3,4.8,Maruti,Ertiga
Maruti Swift VXi BSIV,2,2014,54000,Petrol,Manual,Second,16.1,1197,85.0,5.0,8,4.5,Maruti,Swift
Maruti Swift ZDi,5,2016,55746,Diesel,Manual,First,22.9,1248,74.0,5.0,8,6.95,Maruti,Swift
Maruti Alto K10 2010-2014 VXI,5,2012,46004,Petrol,Manual,First,20.92,998,67.1,5.0,4.45,2.4,Maruti,Alto
Maruti Alto 800 2016-2019 CNG LXI,9,2018,10600,CNG,Manual,First,33.44,796,40.3,4.0,4.45,3.5,Maruti,Alto
Maruti Wagon R LXI Minor,6,2006,65000,Petrol,Manual,First,18.9,1061,67.0,5.0,5.5,1.5,Maruti,Wagon
Maruti Ciaz 1.4 AT Alpha,4,2017,32000,Petrol,Automatic,First,19.12,1373,91.1,5.0,11.1,9.2,Maruti,Ciaz
Maruti Swift Lxi BSIII,6,2015,78000,Petrol,Manual,First,16.1,1298,88.2,5.0,8,4.5,Maruti,Swift
Maruti Swift LDI,9,2015,14000,Diesel,Manual,First,28.4,1248,74.0,5.0,8,5.25,Maruti,Swift
Maruti Swift VDI BSIV,4,2014,57319,Diesel,Manual,First,25.2,1248,74.0,5.0,8,4.25,Maruti,Swift
Maruti Swift Dzire ZXi,3,2013,59254,Petrol,Manual,Second,17.5,1298,85.8,5.0,8,5.29,Maruti,Swift
Maruti Swift Dzire VXI,3,2014,47674,Petrol,Manual,First,19.1,1197,85.8,5.0,8,5.72,Maruti,Swift
Maruti Wagon R CNG LXI,10,2013,79494,CNG,Manual,First,33.54,998,67.04,5.0,5.5,2.96,Maruti,Wagon
Maruti Ciaz ZDi Plus SHVS,6,2015,40500,Diesel,Manual,First,28.09,1248,88.5,5.0,11.1,7.1,Maruti,Ciaz
Maruti Swift Dzire VDI Optional,10,2016,23000,Diesel,Manual,First,26.59,1248,74.0,5.0,8,7.05,Maruti,Swift
Maruti Ciaz VXi Plus,7,2015,44620,Petrol,Manual,First,20.73,1373,91.1,5.0,11.1,6.93,Maruti,Ciaz
Maruti Wagon R LXI CNG,9,2014,40000,CNG,Manual,Second,26.6,998,58.16,5.0,5.5,3.15,Maruti,Wagon
Maruti Alto LXi,3,2012,49008,Petrol,Manual,First,19.7,796,46.3,5.0,4.45,2.88,Maruti,Alto
Maruti Alto 800 2016-2019 LXI,8,2016,31000,Petrol,Manual,First,24.7,796,47.3,5.0,4.45,2.15,Maruti,Alto
Maruti Alto 800 2016-2019 VXI,9,2019,171,Petrol,Manual,First,24.7,796,47.3,5.0,4.45,3.6,Maruti,Alto
Maruti Wagon R VXI BS IV,6,2013,62700,Petrol,Manual,Second,20.51,998,67.04,5.0,5.5,2.85,Maruti,Wagon
Maruti Wagon R LXI Minor,10,2009,120000,Petrol,Manual,First,18.9,998,67.1,5.0,5.5,1.69,Maruti,Wagon
Maruti Swift VDI BSIV,10,2013,37000,Diesel,Manual,First,17.8,1248,67.1,5.0,8,4.85,Maruti,Swift
Maruti Alto LXi,3,2010,48105,Petrol,Manual,First,19.7,796,46.3,5.0,4.45,3.1,Maruti,Alto
Maruti Ertiga ZDI,8,2013,70000,Diesel,Manual,First,20.77,1248,88.8,7.0,11.3,5.45,Maruti,Ertiga
Maruti Swift Dzire Tour LDI,8,2017,148000,Diesel,Manual,First,23.4,1248,74.0,5.0,8,4.75,Maruti,Swift
Maruti Swift Dzire VDI,4,2015,76128,Diesel,Manual,First,26.59,1248,74.0,5.0,8,5.5,Maruti,Swift
Maruti Alto K10 VXI,5,2016,10000,Petrol,Manual,First,24.07,998,67.1,5.0,4.45,3.5,Maruti,Alto
Maruti Swift Dzire VXi,2,2012,49000,Petrol,Manual,First,17.5,1298,85.8,5.0,8,4.9,Maruti,Swift
Maruti Swift Dzire Tour LDI,4,2014,71800,Diesel,Manual,First,23.4,1248,74.0,5.0,8,2.9,Maruti,Swift
Maruti Ciaz ZDi SHVS,2,2014,45000,Diesel,Manual,First,28.09,1248,88.5,5.0,11.1,6.85,Maruti,Ciaz
Maruti Alto K10 LXI,4,2015,51000,Petrol,Manual,First,20.92,998,67.1,5.0,4.45,2.65,Maruti,Alto
Maruti Swift VXI Optional,7,2017,42527,Petrol,Manual,First,20.4,1197,81.8,5.0,8,5.27,Maruti,Swift
Maruti Ertiga VDI,7,2017,43775,Diesel,Manual,First,20.77,1248,88.76,7.0,11.3,8.27,Maruti,Ertiga
Maruti Swift Dzire VDI,4,2013,72486,Diesel,Manual,First,23.4,1248,74.0,5.0,8,3.95,Maruti,Swift
Maruti Swift Dzire ZXi,4,2013,40000,Petrol,Manual,First,17.5,1298,85.8,5.0,8,4.25,Maruti,Swift
Maruti Swift VDI,4,2014,56000,Diesel,Manual,First,22.9,1248,74.0,5.0,8,4.25,Maruti,Swift
Maruti Alto 800 LXI,2,2015,21000,Petrol,Manual,First,22.74,796,47.3,5.0,4.45,2.79,Maruti,Alto
Maruti Swift Dzire Tour LDI,8,2016,100000,Diesel,Manual,First,23.4,1248,74.0,5.0,8,3.5,Maruti,Swift
Maruti Swift ZXI,2,2012,42000,Petrol,Manual,Third,18.6,1197,85.8,5.0,8,4.5,Maruti,Swift
Maruti Alto LXi BSIII,3,2010,59136,Petrol,Manual,First,19.7,796,46.3,5.0,4.45,2.96,Maruti,Alto
Maruti Wagon R VXI BS IV,7,2011,36411,Petrol,Manual,First,18.9,998,67.1,5.0,5.5,3.08,Maruti,Wagon
Maruti Wagon R LX BS IV,10,2011,71000,Petrol,Manual,First,20.51,998,67.04,5.0,5.5,2.6,Maruti,Wagon
Maruti Ertiga VXI CNG,9,2017,19234,CNG,Manual,First,17.5,1373,80.46,7.0,11.3,8.35,Maruti,Ertiga
Maruti Wagon R VXI Minor ABS,7,2013,36716,Petrol,Manual,First,18.9,1061,67.0,5.0,5.5,3.02,Maruti,Wagon
Maruti Alto 800 VXI,8,2015,11110,Petrol,Manual,First,22.74,796,47.3,5.0,4.45,2.35,Maruti,Alto
Maruti Swift VVT VXI,10,2016,27755,Petrol,Manual,First,22.0,1197,81.8,5.0,8,5.45,Maruti,Swift
Maruti Swift Dzire ZXI,7,2015,24782,Petrol,Manual,First,20.85,1197,83.14,5.0,8,6.21,Maruti,Swift
Maruti Swift Vdi BSIII,10,2010,135000,Diesel,Manual,First,17.8,1248,75.0,5.0,8,3.1,Maruti,Swift
Maruti Wagon R AMT VXI,6,2016,68630,Petrol,Automatic,First,20.51,998,67.0,5.0,5.5,3.87,Maruti,Wagon
Maruti Ciaz 1.4 Zeta,9,2018,32644,Petrol,Manual,First,20.73,1373,91.1,5.0,11.1,9.28,Maruti,Ciaz
Maruti Ciaz ZXi Option,7,2016,40347,Petrol,Manual,First,20.73,1373,91.2,5.0,11.1,7.8,Maruti,Ciaz
Maruti Swift VDI BSIV,4,2015,60095,Diesel,Manual,First,25.2,1248,74.0,5.0,8,4.75,Maruti,Swift
Maruti Swift VDI BSIV,0,2017,49224,Diesel,Manual,First,25.2,1248,74.0,5.0,8,6.0,Maruti,Swift
Maruti Swift Lxi BSIII,10,2010,54898,Petrol,Manual,Third,16.1,1298,88.2,5.0,8,2.5,Maruti,Swift
Maruti Ciaz VXi Plus,7,2015,46601,Petrol,Manual,First,20.73,1373,91.1,5.0,11.1,6.84,Maruti,Ciaz
Maruti Wagon R LXI,4,2012,45631,Petrol,Manual,Second,22.5,998,67.04,5.0,5.5,2.74,Maruti,Wagon
Maruti Swift VXI,3,2016,18094,Petrol,Manual,Second,18.6,1197,85.8,5.0,8,6.26,Maruti,Swift
Maruti Swift Dzire ZXi,7,2014,49386,Petrol,Manual,First,17.5,1298,85.8,5.0,8,4.86,Maruti,Swift
Maruti Alto K10 VXI,3,2011,48624,Petrol,Manual,First,24.07,998,67.1,5.0,4.45,3.22,Maruti,Alto
Maruti Swift VXI Optional,7,2017,37124,Petrol,Manual,First,20.4,1197,81.8,5.0,8,5.44,Maruti,Swift
Maruti Wagon R VXI,5,2013,67263,Petrol,Manual,First,18.9,998,67.1,5.0,5.5,3.6,Maruti,Wagon
Maruti Ciaz Zeta,9,2017,5500,Petrol,Manual,First,21.56,1462,103.25,5.0,11.1,8.2,Maruti,Ciaz
Maruti Swift Dzire VXI,8,2016,18000,Petrol,Manual,First,19.1,1197,85.8,5.0,8,4.4,Maruti,Swift
Maruti Swift Dzire VDI,8,2014,32000,Diesel,Manual,First,23.4,1248,74.0,5.0,8,4.35,Maruti,Swift
Maruti Swift Dzire VDi,6,2010,71000,Diesel,Manual,First,19.3,1248,73.9,5.0,8,3.3,Maruti,Swift
Maruti Wagon R LXI,0,2010,21002,Petrol,Manual,First,22.5,998,67.04,5.0,5.5,2.75,Maruti,Wagon
Maruti Ertiga SHVS VDI,10,2017,121000,Diesel,Manual,First,24.52,1248,88.5,7.0,11.3,8.0,Maruti,Ertiga
Maruti Alto LXi BSIII,6,2010,73513,Petrol,Manual,First,19.7,796,46.3,5.0,4.45,1.85,Maruti,Alto
Maruti Wagon R AMT VXI Option,6,2015,34000,Petrol,Automatic,First,20.51,998,67.0,5.0,5.5,3.85,Maruti,Wagon
Maruti Swift DDiS VDI,10,2008,150000,Diesel,Manual,Second,28.4,1248,74.0,5.0,8,2.7,Maruti,Swift
Maruti Ertiga ZDI,9,2012,88000,Diesel,Manual,First,20.77,1248,88.8,7.0,11.3,5.85,Maruti,Ertiga
Maruti Swift VDI,10,2014,75216,Diesel,Manual,First,22.9,1248,74.0,5.0,8,5.1,Maruti,Swift
Maruti Swift VDI,5,2013,53996,Diesel,Manual,First,22.9,1248,74.0,5.0,8,5.45,Maruti,Swift
Maruti Wagon R LXI CNG,9,2013,25755,CNG,Manual,First,26.6,998,58.16,5.0,5.5,3.15,Maruti,Wagon
Maruti Swift VDI,10,2012,75000,Diesel,Manual,First,22.9,1248,74.0,5.0,8,4.35,Maruti,Swift
Maruti Wagon R VXI AMT,3,2017,37832,Petrol,Automatic,First,22.5,998,67.0,5.0,5.5,5.23,Maruti,Wagon
Maruti Swift VDI,7,2016,38143,Diesel,Manual,First,22.9,1248,74.0,5.0,8,5.22,Maruti,Swift
Maruti Swift VXI,9,2016,23555,Petrol,Manual,First,22.0,1197,81.8,5.0,8,5.1,Maruti,Swift
Maruti Wagon R VXI,10,2013,61000,Petrol,Manual,First,18.9,998,67.1,5.0,5.5,2.9,Maruti,Wagon
Maruti Swift Dzire ZXi,8,2015,27000,Petrol,Manual,First,17.5,1298,85.8,5.0,8,4.45,Maruti,Swift
Maruti Ertiga VDI,4,2014,79870,Diesel,Manual,First,20.77,1248,88.76,7.0,11.3,5.35,Maruti,Ertiga
Maruti Swift DDiS ZDI Plus,5,2017,2000,Diesel,Manual,First,28.4,1248,74.0,5.0,8,8.2,Maruti,Swift
Maruti Ciaz ZXi,4,2017,17000,Petrol,Manual,First,20.73,1373,91.1,5.0,11.1,7.65,Maruti,Ciaz
Maruti Ciaz VDi Plus SHVS,4,2016,66000,Diesel,Manual,First,28.09,1248,88.5,5.0,11.1,6.4,Maruti,Ciaz
Maruti Swift Dzire VXI,8,2014,48800,Petrol,Manual,First,19.1,1197,85.8,5.0,8,4.25,Maruti,Swift
Maruti Swift Ldi BSIV,4,2014,62000,Diesel,Manual,First,17.8,1248,75.0,5.0,8,3.75,Maruti,Swift
Maruti Ciaz 1.4 Zeta,7,2018,15982,Petrol,Manual,First,20.73,1373,91.1,5.0,11.1,9.96,Maruti,Ciaz
Maruti Swift ZDi,5,2013,99595,Diesel,Manual,Second,22.9,1248,74.0,5.0,8,4.75,Maruti,Swift
Maruti Wagon R LXI CNG,0,2016,77000,CNG,Manual,First,26.6,998,58.16,5.0,5.5,3.3,Maruti,Wagon
Maruti Swift Dzire VXI,9,2012,88000,Petrol,Manual,First,19.1,1197,85.8,5.0,8,3.85,Maruti,Swift
Maruti Alto LXi,2,2008,65000,Petrol,Manual,First,19.7,796,46.3,5.0,4.45,1.59,Maruti,Alto
Maruti Swift VDI,3,2014,83274,Diesel,Manual,First,22.9,1248,74.0,5.0,8,5.79,Maruti,Swift
Maruti Alto LXi BSIII,5,2006,71993,Petrol,Manual,First,19.7,796,46.3,5.0,4.45,1.8,Maruti,Alto
Maruti Swift LDI,4,2015,51000,Diesel,Manual,First,22.9,1248,74.0,5.0,8,4.74,Maruti,Swift
Maruti Swift Dzire VXI,5,2012,65097,Petrol,Manual,First,19.1,1197,85.8,5.0,8,4.7,Maruti,Swift
Maruti Wagon R LXI Minor,6,2009,111000,Petrol,Manual,Second,18.9,1061,67.0,5.0,5.5,1.51,Maruti,Wagon
Maruti Ciaz VXi Plus,9,2015,35770,Petrol,Manual,First,20.73,1373,91.1,5.0,11.1,5.95,Maruti,Ciaz
Maruti Swift Dzire Tour LDI,10,2018,12000,Diesel,Manual,First,23.4,1248,74.0,5.0,8,5.5,Maruti,Swift
Maruti Ertiga VDI,5,2012,82085,Diesel,Manual,First,20.77,1248,88.76,7.0,11.3,6.5,Maruti,Ertiga
Maruti Swift VDI BSIV,3,2014,44282,Diesel,Manual,First,25.2,1248,74.0,5.0,8,5.99,Maruti,Swift
Maruti Ciaz ZDi SHVS,10,2016,50000,Diesel,Manual,First,28.09,1248,88.5,5.0,11.1,8.5,Maruti,Ciaz
Maruti Wagon R LXI,6,2006,101000,Petrol,Manual,Second,18.9,998,67.1,5.0,5.5,1.5,Maruti,Wagon
Maruti Wagon R LXI BSIII,2,2005,66000,Petrol,Manual,First,14.0,1061,64.0,5.0,5.5,1.45,Maruti,Wagon
Maruti Swift ZXI,0,2015,40000,Petrol,Manual,First,20.4,1197,81.8,5.0,8,5.9,Maruti,Swift
Maruti Alto LXi,2,2011,75000,Petrol,Manual,First,19.7,796,46.3,5.0,4.45,2.1,Maruti,Alto
Maruti Wagon R CNG LXI,9,2013,54000,CNG,Manual,First,33.54,998,67.04,5.0,5.5,3.05,Maruti,Wagon
Maruti Swift Dzire VXi,10,2008,56230,Petrol,Manual,Second,17.5,1298,85.8,5.0,8,2.4,Maruti,Swift
Maruti Alto K10 2010-2014 VXI,10,2012,69000,Petrol,Manual,First,20.92,998,67.1,5.0,4.45,2.1,Maruti,Alto
Maruti Ciaz ZDi Plus SHVS,5,2016,46000,Diesel,Manual,First,28.09,1248,88.5,5.0,11.1,8.45,Maruti,Ciaz
Maruti Alto 800 LXI,6,2013,86000,Petrol,Manual,First,22.74,796,47.3,5.0,4.45,2.41,Maruti,Alto
Maruti Alto LXi,5,2011,76976,Petrol,Manual,Second,19.7,796,46.3,5.0,4.45,2.15,Maruti,Alto
Maruti Wagon R LXI,5,2012,52618,Petrol,Manual,First,18.9,998,67.1,5.0,5.5,3.2,Maruti,Wagon
Maruti Ertiga ZDI,4,2013,68000,Diesel,Manual,First,25.47,1248,88.5,7.0,11.3,4.85,Maruti,Ertiga
Maruti Ertiga SHVS VDI,2,2017,80000,Diesel,Manual,First,24.52,1248,88.5,7.0,11.3,8.1,Maruti,Ertiga
Maruti Ciaz AT ZXi,9,2014,46738,Petrol,Automatic,First,19.12,1373,91.1,5.0,11.1,6.1,Maruti,Ciaz
Maruti Swift VDI,5,2013,84000,Diesel,Manual,First,28.4,1248,74.0,5.0,8,5.65,Maruti,Swift
Maruti Swift Dzire VXI,8,2013,40000,Petrol,Manual,First,19.1,1197,85.8,5.0,8,3.55,Maruti,Swift
Maruti Swift VDI BSIV W ABS,5,2010,86514,Diesel,Manual,First,17.8,1248,85.8,5.0,8,4.25,Maruti,Swift
Maruti Alto 800 LXI,5,2015,96000,Petrol,Manual,First,22.74,796,47.3,5.0,4.45,2.5,Maruti,Alto
Maruti Alto LXi,9,2008,26299,Petrol,Manual,First,19.7,796,46.3,5.0,4.45,1.2,Maruti,Alto
Maruti Swift Dzire 1.2 Lxi BSIV,9,2011,14000,Petrol,Manual,Second,17.5,1197,85.8,5.0,8,3.2,Maruti,Swift
Maruti Wagon R VXI,8,2016,16956,Petrol,Manual,First,22.5,998,67.04,5.0,5.5,3.6,Maruti,Wagon
Maruti Wagon R VXI,9,2010,38000,Petrol,Manual,Second,22.5,998,67.04,5.0,5.5,1.75,Maruti,Wagon
Maruti Wagon R VXI,5,2015,45295,Petrol,Manual,First,18.9,998,67.1,5.0,5.5,4.3,Maruti,Wagon
Maruti Alto K10 VXI AGS,2,2016,57000,Petrol,Automatic,First,24.07,998,67.1,5.0,4.45,3.4,Maruti,Alto
Maruti Alto 800 2016-2019 LXI,4,2013,56000,Petrol,Manual,First,24.7,796,47.3,5.0,4.45,2.1,Maruti,Alto
Maruti Swift VXI,9,2012,15000,Petrol,Manual,First,18.6,1197,85.8,5.0,8,3.65,Maruti,Swift
Maruti Ertiga VXI CNG,9,2016,65263,CNG,Manual,First,17.5,1373,80.46,7.0,11.3,7.5,Maruti,Ertiga
Maruti Swift Dzire VXI,3,2015,33195,Petrol,Manual,First,19.1,1197,85.8,5.0,8,6.26,Maruti,Swift
Maruti Wagon R VXI 1.2,9,2015,55000,Petrol,Manual,First,21.5,1197,81.8,5.0,5.5,3.1,Maruti,Wagon
Maruti Swift Dzire VXI,8,2014,33485,Petrol,Manual,First,19.1,1197,85.8,5.0,8,3.59,Maruti,Swift
Maruti Swift LXI Option,2,2015,29500,Petrol,Manual,First,20.4,1197,81.8,5.0,8,4.15,Maruti,Swift
Maruti Alto 800 2016-2019 LXI,0,2016,60000,Petrol,Manual,First,24.7,796,47.3,5.0,4.45,2.65,Maruti,Alto
Maruti Alto LX,8,2009,68078,Petrol,Manual,First,19.7,796,46.3,5.0,4.45,1.02,Maruti,Alto
Maruti Ciaz VDi,6,2017,62691,Diesel,Manual,First,26.21,1248,88.5,5.0,11.1,7.5,Maruti,Ciaz
Maruti Alto K10 2010-2014 VXI,5,2013,90121,Petrol,Manual,First,20.92,998,67.1,5.0,4.45,2.2,Maruti,Alto
Maruti Swift VDI,7,2016,62192,Diesel,Manual,First,28.4,1248,74.0,5.0,8,5.22,Maruti,Swift
Maruti Ciaz Alpha,7,2018,38394,Petrol,Manual,First,21.56,1462,103.25,5.0,11.1,9.18,Maruti,Ciaz
Maruti Alto LXi BSIII,2,2008,68000,Petrol,Manual,Third,19.7,796,46.3,5.0,4.45,1.2,Maruti,Alto
Maruti Ciaz RS ZDi Plus SHVS,4,2016,38500,Diesel,Manual,Second,28.09,1248,88.5,5.0,11.1,7.85,Maruti,Ciaz
Maruti Swift VXI BSIV,8,2017,13000,Petrol,Manual,First,20.4,1197,81.8,5.0,8,4.65,Maruti,Swift
Maruti Swift VDI,5,2014,85512,Diesel,Manual,First,22.9,1248,74.0,5.0,8,5.8,Maruti,Swift
Maruti Swift Dzire LDI,4,2015,53503,Diesel,Manual,First,26.59,1248,74.0,5.0,8,5.0,Maruti,Swift
Maruti Wagon R CNG LXI,10,2014,29202,CNG,Manual,First,33.54,998,67.04,5.0,5.5,3.9,Maruti,Wagon
Maruti Wagon R LXI CNG,5,2013,83875,CNG,Manual,Second,26.6,998,58.16,5.0,5.5,2.95,Maruti,Wagon
Maruti Wagon R Stingray LXI,5,2014,55277,Petrol,Manual,First,20.51,998,67.04,5.0,5.5,3.9,Maruti,Wagon
Maruti Ciaz VDi Plus SHVS,4,2017,25000,Diesel,Manual,First,28.09,1248,88.5,5.0,11.1,8.3,Maruti,Ciaz
Maruti Ertiga VDI,4,2017,65000,Diesel,Manual,First,25.47,1248,88.5,7.0,11.3,7.65,Maruti,Ertiga
Maruti Ciaz VXi Plus,7,2016,51950,Petrol,Manual,First,20.73,1373,91.1,5.0,11.1,6.75,Maruti,Ciaz
Maruti Swift VXI BSIII,0,2008,52000,Petrol,Manual,First,16.1,1298,88.2,5.0,8,2.41,Maruti,Swift
Maruti Wagon R LXI BSIII,10,2007,83000,Petrol,Manual,First,14.0,1061,64.0,5.0,5.5,1.65,Maruti,Wagon
Maruti Swift Dzire LDI,6,2015,144000,Diesel,Manual,First,26.59,1248,74.0,5.0,8,5.25,Maruti,Swift
Maruti Ciaz ZDi Plus,3,2018,68737,Diesel,Manual,First,26.21,1248,88.5,5.0,11.1,9.32,Maruti,Ciaz
Maruti Alto LXi,5,2007,76161,Petrol,Manual,First,19.7,796,46.3,5.0,4.45,1.65,Maruti,Alto
Maruti Alto 800 2016-2019 VXI,7,2019,19855,Petrol,Manual,First,24.7,796,47.3,5.0,4.45,3.8,Maruti,Alto
Maruti Swift VDI BSIV,5,2013,68800,Diesel,Manual,First,17.8,1248,47.3,5.0,8,5.0,Maruti,Swift
Maruti Swift VDI BSIV,5,2016,51787,Diesel,Manual,First,17.8,1248,47.3,5.0,8,6.45,Maruti,Swift
Maruti Ertiga VDI,8,2014,47052,Diesel,Manual,First,20.77,1248,88.76,7.0,11.3,5.99,Maruti,Ertiga
Maruti Swift VXi BSIV,7,2016,19148,Petrol,Manual,First,16.1,1197,85.0,5.0,8,5.89,Maruti,Swift
Maruti Swift Dzire ZDI,0,2012,56121,Diesel,Manual,First,23.4,1248,74.0,5.0,8,4.25,Maruti,Swift
Maruti Swift VDI,10,2018,30000,Diesel,Manual,First,28.4,1248,74.0,5.0,8,6.0,Maruti,Swift
Maruti Wagon R VXI BSIII,2,2003,101000,Petrol,Manual,Third,17.3,1061,64.0,5.0,5.5,0.95,Maruti,Wagon
Maruti Wagon R LXI BSIII,5,2007,84169,Petrol,Manual,First,14.0,1061,64.0,5.0,5.5,2.2,Maruti,Wagon
Maruti Swift Dzire Vdi BSIV,5,2016,69000,Diesel,Manual,First,19.3,1248,73.9,5.0,8,4.79,Maruti,Swift
Maruti Wagon R LXI,6,2006,145000,Petrol,Manual,First,18.9,998,67.1,5.0,5.5,1.15,Maruti,Wagon
Maruti Swift Dzire VXI,10,2014,68218,Petrol,Manual,First,19.1,1197,85.8,5.0,8,4.9,Maruti,Swift
Maruti Ertiga ZDI,4,2014,52000,Diesel,Manual,First,20.77,1248,88.8,7.0,11.3,5.95,Maruti,Ertiga
Maruti Swift VDI,2,2012,78000,Diesel,Manual,First,22.9,1248,74.0,5.0,8,4.4,Maruti,Swift
Maruti Swift Dzire VDI,3,2014,67557,Diesel,Manual,First,23.4,1248,74.0,5.0,8,5.17,Maruti,Swift
Maruti Swift Dzire ZDI,7,2015,35082,Diesel,Manual,First,23.4,1248,74.0,5.0,8,6.61,Maruti,Swift
Maruti Swift Dzire VDi,8,2015,35000,Diesel,Manual,First,19.3,1248,73.9,5.0,8,4.75,Maruti,Swift
Maruti Wagon R VXI AMT,9,2016,8000,Petrol,Automatic,First,22.5,998,67.0,5.0,5.5,4.15,Maruti,Wagon
Maruti Alto K10 VXI,9,2016,13198,Petrol,Manual,First,24.07,998,67.1,5.0,4.45,3.15,Maruti,Alto
Maruti Swift Dzire VDI,8,2013,22000,Diesel,Manual,First,23.4,1248,74.0,5.0,8,4.5,Maruti,Swift
Maruti Ciaz ZDi Plus,8,2015,62144,Diesel,Manual,Second,26.21,1248,88.5,5.0,11.1,5.75,Maruti,Ciaz
Maruti Swift Dzire VDI,5,2013,84175,Diesel,Manual,First,23.4,1248,74.0,5.0,8,6.95,Maruti,Swift
Maruti Swift Dzire ZXi,0,2012,55002,Petrol,Manual,First,17.5,1298,85.8,5.0,8,4.25,Maruti,Swift
Maruti Alto 800 2016-2019 LXI,1,2014,73000,Petrol,Manual,Second,24.7,796,47.3,5.0,4.45,2.75,Maruti,Alto
Maruti Ertiga ZDI,5,2013,120000,Diesel,Manual,First,20.77,1248,88.8,7.0,11.3,7.0,Maruti,Ertiga
Maruti Wagon R LXI CNG,10,2012,90400,CNG,Manual,First,26.2,998,58.2,5.0,5.5,2.9,Maruti,Wagon
Maruti Swift VDI BSIV,10,2007,121000,Diesel,Manual,Second,17.8,1248,58.2,5.0,8,2.35,Maruti,Swift
Maruti Swift Dzire VDi,5,2009,88096,Diesel,Manual,Second,19.3,1248,73.9,5.0,8,3.5,Maruti,Swift
Maruti Wagon R VXI,10,2002,93000,Petrol,Manual,Third,18.9,998,67.1,5.0,5.5,1.0,Maruti,Wagon
Maruti Ciaz ZXi Plus,2,2015,30000,Petrol,Manual,First,20.73,1373,91.1,5.0,11.1,6.7,Maruti,Ciaz
Maruti Alto K10 VXI,7,2018,46805,Petrol,Manual,First,24.07,998,67.1,5.0,4.45,3.63,Maruti,Alto
Maruti Swift Dzire 1.2 Vxi BSIV,9,2015,60000,Petrol,Manual,First,17.5,1197,85.8,5.0,8,4.8,Maruti,Swift
Maruti Wagon R VXi BSII,10,2012,82000,Petrol,Manual,First,18.9,998,67.1,5.0,5.5,2.3,Maruti,Wagon
Maruti Wagon R LXI,7,2011,15466,Petrol,Manual,First,22.5,998,67.04,5.0,5.5,3.36,Maruti,Wagon
Maruti Wagon R VXI,7,2014,41994,Petrol,Manual,First,22.5,998,67.04,5.0,5.5,3.41,Maruti,Wagon
Maruti Wagon R VXI 1.2,6,2015,64876,Petrol,Manual,First,21.5,1197,81.8,5.0,5.5,3.5,Maruti,Wagon
Maruti Swift Dzire VDI,9,2017,18414,Diesel,Manual,First,23.4,1248,74.0,5.0,8,7.25,Maruti,Swift
Maruti Swift AMT DDiS VDI,2,2018,11000,Diesel,Manual,First,28.4,1248,74.0,5.0,8,8.0,Maruti,Swift
Maruti Wagon R VXI BS IV with ABS,8,2016,29930,Petrol,Manual,First,18.9,998,67.1,5.0,5.5,3.35,Maruti,Wagon
Maruti Swift Dzire VXI,3,2014,58310,Petrol,Manual,Second,19.1,1197,85.8,5.0,8,5.39,Maruti,Swift
Maruti Swift Dzire VDi,10,2009,90000,Diesel,Manual,Second,19.3,1248,73.9,5.0,8,3.0,Maruti,Swift
Maruti Swift Dzire ZDI,6,2012,83000,Diesel,Manual,First,23.4,1248,74.0,5.0,8,4.3,Maruti,Swift
Maruti Swift Dzire ZXI,6,2017,37282,Petrol,Manual,First,20.85,1197,83.14,5.0,8,6.75,Maruti,Swift
Maruti Alto LX BSIII,0,2007,72000,Petrol,Manual,Second,19.7,796,46.3,5.0,4.45,1.2,Maruti,Alto
Maruti Swift Dzire 1.2 Vxi BSIV,9,2012,83000,Petrol,Manual,First,17.5,1197,85.8,5.0,8,3.25,Maruti,Swift
Maruti Wagon R LXI,9,2010,37822,Petrol,Manual,First,22.5,998,67.04,5.0,5.5,2.35,Maruti,Wagon
Maruti Swift VXI Optional,7,2017,26327,Petrol,Manual,First,20.4,1197,81.8,5.0,8,5.86,Maruti,Swift
Maruti Swift VDI Optional,3,2018,61386,Diesel,Manual,First,25.2,1248,74.0,5.0,8,7.05,Maruti,Swift
Maruti Swift AMT VDI,4,2018,11500,Diesel,Automatic,First,28.4,1248,74.0,5.0,8,7.5,Maruti,Swift
Maruti Swift Dzire VDI,0,2017,26000,Diesel,Manual,First,26.59,1248,74.0,5.0,8,7.5,Maruti,Swift
Maruti Alto LXi,8,2010,38127,Petrol,Manual,First,19.7,796,46.3,5.0,4.45,1.55,Maruti,Alto
Maruti Swift VXi BSIV,10,2017,12000,Petrol,Manual,First,16.1,1197,85.0,5.0,8,5.5,Maruti,Swift
Maruti Alto 800 2016-2019 VXI,3,2018,26234,Petrol,Manual,First,24.7,796,47.3,5.0,4.45,4.29,Maruti,Alto
Maruti Swift VXI,4,2014,55000,Petrol,Manual,First,18.6,1197,85.8,5.0,8,4.2,Maruti,Swift
Maruti Wagon R LXI Optional,8,2016,4800,Petrol,Manual,First,20.51,998,67.04,5.0,5.5,3.6,Maruti,Wagon
Maruti Swift Dzire VXi,9,2009,54540,Petrol,Manual,Third,17.5,1298,85.8,5.0,8,2.65,Maruti,Swift
Maruti Swift Dzire ZXi,4,2015,58400,Petrol,Manual,First,17.5,1298,85.8,5.0,8,5.5,Maruti,Swift
Maruti Ciaz ZDi Plus SHVS,6,2016,83000,Diesel,Manual,First,28.09,1248,88.5,5.0,11.1,7.1,Maruti,Ciaz
Maruti Swift VXi BSIV,10,2015,13769,Petrol,Manual,Second,16.1,1197,85.0,5.0,8,4.41,Maruti,Swift
Maruti Wagon R Stingray VXI,4,2013,32378,Petrol,Manual,First,20.51,998,67.04,5.0,5.5,2.8,Maruti,Wagon
Maruti Wagon R AMT VXI,7,2018,27413,Petrol,Automatic,First,20.51,998,67.0,5.0,5.5,5.18,Maruti,Wagon
Maruti Wagon R LX BSIII,10,2007,90000,Petrol,Manual,Second,17.3,1061,64.0,5.0,5.5,1.24,Maruti,Wagon
Maruti Wagon R LXI BS IV,4,2014,65694,Petrol,Manual,First,18.9,998,67.1,5.0,5.5,3.25,Maruti,Wagon
Maruti Swift Dzire VXI,7,2018,10671,Petrol,Manual,First,20.85,1197,83.14,5.0,8,6.51,Maruti,Swift
Maruti Swift Dzire Ldi BSIV,8,2015,40082,Diesel,Manual,First,19.3,1248,73.9,5.0,8,4.76,Maruti,Swift
Maruti Swift Dzire VDI,5,2013,69000,Diesel,Manual,First,23.4,1248,74.0,5.0,8,5.75,Maruti,Swift
Maruti Wagon R Stingray VXI,8,2014,23840,Petrol,Manual,First,20.51,998,67.04,5.0,5.5,3.0,Maruti,Wagon
Maruti Swift VDI BSIV,1,2013,58291,Diesel,Manual,First,17.8,1248,67.04,5.0,8,5.0,Maruti,Swift
Maruti Swift Dzire VDI,4,2014,52000,Diesel,Manual,First,23.4,1248,74.0,5.0,8,5.25,Maruti,Swift
Maruti Ciaz ZXi,8,2015,25470,Petrol,Manual,First,20.73,1373,91.1,5.0,11.1,5.9,Maruti,Ciaz
Maruti Swift Ldi BSIII,2,2007,140000,Diesel,Manual,Second,17.8,1248,75.0,5.0,8,2.0,Maruti,Swift
Maruti Swift VXI BSIII,2,2008,86700,Petrol,Manual,Second,16.1,1298,88.2,5.0,8,2.4,Maruti,Swift
Maruti Swift VDI,8,2014,35010,Diesel,Manual,First,22.9,1248,74.0,5.0,8,3.5,Maruti,Swift
Maruti Swift Dzire 1.2 Lxi BSIV,6,2012,75451,Petrol,Manual,First,17.5,1197,85.8,5.0,8,3.78,Maruti,Swift
Maruti Swift VXI BSIV,4,2016,30000,Petrol,Manual,First,20.4,1197,81.8,5.0,8,5.0,Maruti,Swift
Maruti Ertiga ZDI,2,2012,40000,Diesel,Manual,First,20.77,1248,88.8,7.0,11.3,7.0,Maruti,Ertiga
Maruti Swift Dzire LDI,4,2015,37857,Diesel,Manual,First,26.59,1248,74.0,5.0,8,4.85,Maruti,Swift
Maruti Swift VDI BSIV,6,2014,71000,Diesel,Manual,First,25.2,1248,74.0,5.0,8,4.8,Maruti,Swift
Maruti Swift VDi BSIII W/ ABS,6,2015,50000,Diesel,Manual,First,17.8,1248,75.0,5.0,8,5.7,Maruti,Swift
Maruti Wagon R LXI,9,2014,25422,Petrol,Manual,First,22.5,998,67.04,5.0,5.5,3.25,Maruti,Wagon
Maruti Ertiga VDI,9,2018,14000,Diesel,Manual,First,25.47,1248,88.5,7.0,11.3,9.25,Maruti,Ertiga
Maruti Alto LXi BSIII,5,2008,66000,Petrol,Manual,First,19.7,796,46.3,5.0,4.45,1.7,Maruti,Alto
Maruti Swift Dzire VDI,1,2014,29000,Diesel,Manual,First,23.4,1248,74.0,5.0,8,5.75,Maruti,Swift
Maruti Swift VXI,10,2010,68000,Petrol,Manual,First,22.0,1197,81.8,5.0,8,2.8,Maruti,Swift
Maruti Wagon R LXI CNG,4,2014,48500,CNG,Manual,Second,26.6,998,58.16,5.0,5.5,2.85,Maruti,Wagon
Maruti Swift Dzire LDi,6,2008,78000,Diesel,Manual,Second,19.3,1248,73.9,5.0,8,2.3,Maruti,Swift
Maruti Swift LDI,5,2016,52000,Diesel,Manual,First,28.4,1248,74.0,5.0,8,5.95,Maruti,Swift
Maruti Swift Lxi BSIII,9,2009,53001,Petrol,Manual,First,16.1,1298,88.2,5.0,8,1.95,Maruti,Swift
Maruti Swift VDI,7,2015,53500,Diesel,Manual,First,28.4,1248,74.0,5.0,8,5.36,Maruti,Swift
Maruti Ertiga VXI,4,2014,17585,Petrol,Manual,First,16.02,1373,93.7,7.0,11.3,6.35,Maruti,Ertiga
Maruti Swift VDI Optional,2,2016,38000,Diesel,Manual,First,25.2,1248,74.0,5.0,8,5.95,Maruti,Swift
Maruti Ciaz VDi Plus,6,2016,84085,Diesel,Manual,First,26.21,1248,88.5,5.0,11.1,6.9,Maruti,Ciaz
Maruti Swift VDI,5,2012,80799,Diesel,Manual,First,22.9,1248,74.0,5.0,8,4.9,Maruti,Swift
Maruti Wagon R LXI CNG,10,2012,92000,CNG,Manual,Second,26.2,998,58.2,5.0,5.5,3.0,Maruti,Wagon
Maruti Swift VDI BSIV,8,2013,41300,Diesel,Manual,First,17.8,1248,58.2,5.0,8,3.38,Maruti,Swift
Maruti Swift VDI BSIV,7,2016,45725,Diesel,Manual,First,25.2,1248,74.0,5.0,8,5.34,Maruti,Swift
Maruti Swift LDI BSIV,6,2014,105000,Diesel,Manual,First,25.2,1248,74.0,5.0,8,3.85,Maruti,Swift
Maruti Ertiga Paseo VDI,4,2016,67000,Diesel,Manual,First,20.77,1248,88.7,7.0,11.3,6.75,Maruti,Ertiga
Maruti Alto K10 LXI CNG Optional,7,2018,44202,CNG,Manual,First,32.26,998,58.2,4.0,4.45,4.0,Maruti,Alto
Maruti Swift Dzire ZXi,9,2009,60000,Petrol,Manual,First,17.5,1298,85.8,5.0,8,2.45,Maruti,Swift
Maruti Wagon R CNG LXI,4,2014,74663,CNG,Manual,First,33.54,998,67.04,5.0,5.5,3.25,Maruti,Wagon
Maruti Swift Dzire VDi,5,2013,83327,Diesel,Manual,First,19.3,1248,73.9,5.0,8,5.8,Maruti,Swift
Maruti Swift Dzire VXI,3,2014,57676,Petrol,Manual,First,19.1,1197,85.8,5.0,8,6.69,Maruti,Swift
Maruti Alto 800 LXI,2,2015,63714,Petrol,Manual,First,22.74,796,47.3,5.0,4.45,2.45,Maruti,Alto
Maruti Swift Dzire LXI,8,2015,107000,Petrol,Manual,First,20.85,1197,83.14,5.0,8,4.0,Maruti,Swift
Maruti Wagon R LXI,10,2006,52000,Petrol,Manual,Second,18.9,998,67.1,5.0,5.5,2.0,Maruti,Wagon
Maruti Wagon R VXI,2,2014,52000,Petrol,Manual,First,22.5,998,67.04,5.0,5.5,3.45,Maruti,Wagon
Maruti Swift Dzire VDI,8,2013,43284,Diesel,Manual,First,23.4,1248,74.0,5.0,8,4.5,Maruti,Swift
Maruti Wagon R LX BSIII,0,2004,60000,Petrol,Manual,Second,17.3,1061,64.0,5.0,5.5,1.4,Maruti,Wagon
Maruti Swift VDI,4,2014,50000,Diesel,Manual,First,22.9,1248,74.0,5.0,8,4.3,Maruti,Swift
Maruti Ertiga VDI,7,2015,58734,Diesel,Manual,First,20.77,1248,88.76,7.0,11.3,6.91,Maruti,Ertiga
Maruti Swift Dzire VDi,6,2010,130000,Diesel,Manual,Second,19.3,1248,73.9,5.0,8,4.0,Maruti,Swift
Maruti Swift VXI,4,2015,62088,Petrol,Manual,First,18.6,1197,85.8,5.0,8,4.15,Maruti,Swift
Maruti Swift LXI,8,2013,60000,Petrol,Manual,First,18.6,1197,85.8,5.0,8,3.15,Maruti,Swift
Maruti Swift VDI,2,2012,63000,Diesel,Manual,First,22.9,1248,74.0,5.0,8,4.5,Maruti,Swift
Maruti Swift VXI BSIV,9,2016,29401,Petrol,Manual,First,20.4,1197,81.8,5.0,8,4.31,Maruti,Swift
Maruti Swift Dzire VDI,6,2014,75074,Diesel,Manual,First,23.4,1248,74.0,5.0,8,5.25,Maruti,Swift
Maruti Ciaz ZDi Plus SHVS,7,2016,40810,Diesel,Manual,First,28.09,1248,88.5,5.0,11.1,7.9,Maruti,Ciaz
Maruti Alto LXi,6,2009,63000,Petrol,Manual,First,19.7,796,46.3,5.0,4.45,1.5,Maruti,Alto
Maruti Swift VDI,7,2015,46561,Diesel,Manual,First,22.9,1248,74.0,5.0,8,4.94,Maruti,Swift
Maruti Swift VDI,7,2013,56263,Diesel,Manual,First,22.9,1248,74.0,5.0,8,4.17,Maruti,Swift
Maruti Swift Dzire 1.2 Vxi BSIV,4,2010,72425,Petrol,Manual,Second,17.5,1197,85.8,5.0,8,2.45,Maruti,Swift
Maruti Wagon R LXI CNG,4,2013,62000,CNG,Manual,First,26.6,998,58.16,5.0,5.5,2.8,Maruti,Wagon
Maruti Ciaz AT ZXi,3,2017,51210,Petrol,Automatic,First,19.12,1373,91.1,5.0,11.1,8.89,Maruti,Ciaz
Maruti Ertiga ZDI,6,2014,57000,Diesel,Manual,First,20.77,1248,88.8,7.0,11.3,7.0,Maruti,Ertiga
Maruti Alto 800 LXI,5,2016,9370,Petrol,Manual,First,22.74,796,47.3,5.0,4.45,2.95,Maruti,Alto
Maruti Ertiga VDI,10,2012,168000,Diesel,Manual,First,20.77,1248,88.76,7.0,11.3,4.5,Maruti,Ertiga
Maruti Ertiga ZDI,5,2016,85423,Diesel,Manual,First,20.77,1248,88.8,7.0,11.3,8.75,Maruti,Ertiga
Maruti Ciaz ZDi Plus SHVS,0,2015,52324,Diesel,Manual,First,28.09,1248,88.5,5.0,11.1,6.25,Maruti,Ciaz
Maruti Swift Dzire LDI,10,2017,57000,Diesel,Manual,First,26.59,1248,74.0,5.0,8,4.25,Maruti,Swift
Maruti Wagon R LXI,10,2010,71000,Petrol,Manual,First,18.9,998,67.1,5.0,5.5,2.0,Maruti,Wagon
Maruti Alto K10 2010-2014 VXI,10,2012,12600,Petrol,Manual,First,20.92,998,67.1,5.0,4.45,2.4,Maruti,Alto
Maruti Swift Ldi BSIII,10,2009,80000,Diesel,Manual,Fourth & Above,17.8,1248,75.0,5.0,8,2.15,Maruti,Swift
Maruti Alto 800 VXI,10,2017,38000,Petrol,Manual,First,22.74,796,47.3,5.0,4.45,3.11,Maruti,Alto
Maruti Swift VDI BSIV,7,2016,67906,Diesel,Manual,First,25.2,1248,74.0,5.0,8,5.63,Maruti,Swift
Maruti Alto 800 LXI,4,2015,61000,Petrol,Manual,First,22.74,796,47.3,5.0,4.45,2.15,Maruti,Alto
Maruti Swift ZXI,8,2016,34000,Petrol,Manual,First,20.4,1197,81.8,5.0,8,4.95,Maruti,Swift
Maruti Swift VDI BSIV W ABS,10,2010,63600,Diesel,Manual,Second,17.8,1248,81.8,5.0,8,3.1,Maruti,Swift
Maruti Wagon R LX BSIII,6,2005,115000,Petrol,Manual,Second,17.3,1061,64.0,5.0,5.5,0.99,Maruti,Wagon
Maruti Swift Dzire VXI,8,2014,33000,Petrol,Manual,First,19.1,1197,85.8,5.0,8,3.99,Maruti,Swift
Maruti Wagon R LXI CNG,9,2014,41000,CNG,Manual,First,26.2,998,58.2,5.0,5.5,3.5,Maruti,Wagon
Maruti Wagon R LXI BS IV,10,2010,91000,Petrol,Manual,First,18.9,998,67.1,5.0,5.5,2.3,Maruti,Wagon
Maruti Ertiga SHVS ZDI Plus,6,2016,50000,Diesel,Manual,First,24.52,1248,88.5,7.0,11.3,8.7,Maruti,Ertiga
Maruti Swift VDI,6,2012,80000,Diesel,Manual,First,22.9,1248,74.0,5.0,8,4.25,Maruti,Swift
Maruti Alto 800 2016-2019 LXI,8,2013,24027,Petrol,Manual,First,24.7,796,47.3,5.0,4.45,2.01,Maruti,Alto
Maruti Wagon R VXI BS IV,8,2012,40000,Petrol,Manual,First,18.9,998,67.1,5.0,5.5,2.35,Maruti,Wagon
Maruti Alto Green LXi (CNG),5,2012,92000,CNG,Manual,Second,26.83,796,38.4,5.0,4.45,2.1,Maruti,Alto
Maruti Swift VDI,6,2015,63310,Diesel,Manual,First,28.4,1248,74.0,5.0,8,5.1,Maruti,Swift
Maruti Swift VXI,0,2012,48772,Petrol,Manual,First,18.6,1197,85.8,5.0,8,3.91,Maruti,Swift
Maruti Swift VXI BSIII,10,2010,75000,Petrol,Manual,First,16.1,1298,88.2,5.0,8,2.85,Maruti,Swift
Maruti Alto 800 2016-2019 CNG LXI,10,2015,18000,CNG,Manual,First,33.44,796,40.3,4.0,4.45,3.0,Maruti,Alto
Maruti Swift LXi BSIV,5,2010,71000,Petrol,Manual,First,16.1,1197,85.0,5.0,8,3.3,Maruti,Swift
Maruti Ertiga VDI,4,2014,54569,Diesel,Manual,First,20.77,1248,88.76,7.0,11.3,5.99,Maruti,Ertiga
Maruti Wagon R LX DUO BSIII,5,2007,65047,LPG,Manual,First,17.3,1061,57.5,5.0,5.5,1.95,Maruti,Wagon
Maruti Ertiga ZDI,4,2014,22281,Diesel,Manual,First,20.77,1248,88.8,7.0,11.3,6.5,Maruti,Ertiga
Maruti Alto 800 LXI Airbag,6,2015,50000,Petrol,Manual,First,22.74,796,47.3,5.0,4.45,2.75,Maruti,Alto
Maruti Swift Dzire VDI,8,2014,38578,Diesel,Manual,First,23.4,1248,74.0,5.0,8,3.96,Maruti,Swift
Maruti Ertiga ZDI,2,2015,40000,Diesel,Manual,First,20.77,1248,88.8,7.0,11.3,8.25,Maruti,Ertiga
Maruti Alto LXi,5,2007,52195,Petrol,Manual,First,19.7,796,46.3,5.0,4.45,1.75,Maruti,Alto
Maruti Swift VDI BSIV W ABS,3,2016,70478,Diesel,Manual,First,17.8,1248,46.3,5.0,8,6.86,Maruti,Swift
Maruti Swift Dzire VDI,5,2015,62476,Diesel,Manual,First,26.59,1248,74.0,5.0,8,7.95,Maruti,Swift
Maruti Ertiga SHVS ZDI Plus,5,2016,112200,Diesel,Manual,First,24.52,1248,88.5,7.0,11.3,8.3,Maruti,Ertiga
Maruti Swift VDI,0,2012,65000,Diesel,Manual,First,22.9,1248,74.0,5.0,8,3.9,Maruti,Swift
Maruti Swift VDI BSIV,2,2016,49000,Diesel,Manual,First,25.2,1248,74.0,5.0,8,5.9,Maruti,Swift
Maruti Wagon R VXI,9,2006,141537,Petrol,Manual,Second,18.9,998,67.1,5.0,5.5,1.05,Maruti,Wagon
Maruti Swift Dzire LDI,2,2016,91000,Diesel,Manual,First,26.59,1248,74.0,5.0,8,4.5,Maruti,Swift
Maruti Alto 800 2016-2019 LXI Optional,2,2015,63714,Petrol,Manual,First,24.7,796,47.3,5.0,4.45,2.45,Maruti,Alto
Maruti Swift Dzire LDI,8,2017,60000,Diesel,Manual,First,26.59,1248,74.0,5.0,8,3.0,Maruti,Swift
Maruti Alto 800 LXI,5,2015,24617,Petrol,Manual,First,22.74,796,47.3,5.0,4.45,2.36,Maruti,Alto
Maruti Alto LXi,5,2009,65090,Petrol,Manual,First,19.7,796,46.3,5.0,4.45,2.15,Maruti,Alto
Maruti Alto K10 VXI,9,2017,12000,Petrol,Manual,First,24.07,998,67.1,5.0,4.45,3.25,Maruti,Alto
Maruti Swift Dzire VXI,10,2016,32000,Petrol,Manual,First,19.1,1197,85.8,5.0,8,5.3,Maruti,Swift
Maruti Ciaz Zeta,7,2018,10575,Petrol,Manual,First,21.56,1462,103.25,5.0,11.1,9.18,Maruti,Ciaz
Maruti Wagon R VXI 1.2,7,2015,49818,Petrol,Manual,First,21.5,1197,81.8,5.0,5.5,4.11,Maruti,Wagon
Maruti Swift VDI,10,2014,115000,Diesel,Manual,First,28.4,1248,74.0,5.0,8,4.5,Maruti,Swift
Maruti Alto LXi BSIII,7,2012,14814,Petrol,Manual,Second,19.7,796,46.3,5.0,4.45,2.47,Maruti,Alto
Maruti Ertiga VDI,10,2012,105000,Diesel,Manual,Second,20.77,1248,88.76,7.0,11.3,5.9,Maruti,Ertiga
Maruti Alto K10 VXI,2,2011,28300,Petrol,Manual,First,24.07,998,67.1,5.0,4.45,2.15,Maruti,Alto
Maruti Alto Std,6,2005,49000,Petrol,Manual,First,19.7,796,46.3,5.0,4.45,0.9,Maruti,Alto
Maruti Wagon R VXI BS IV,8,2016,12501,Petrol,Manual,First,20.51,998,67.04,5.0,5.5,3.5,Maruti,Wagon
Maruti Swift Dzire Vdi BSIV,10,2010,105000,Diesel,Manual,First,19.3,1248,73.9,5.0,8,3.15,Maruti,Swift
Maruti Wagon R LXI,7,2015,50230,Petrol,Manual,First,18.9,998,67.1,5.0,5.5,3.87,Maruti,Wagon
Maruti Wagon R LXI BS IV,8,2017,8000,Petrol,Manual,First,20.51,998,67.04,5.0,5.5,3.0,Maruti,Wagon
Maruti Ertiga ZDI Plus,5,2016,42000,Diesel,Manual,First,25.47,1248,88.5,7.0,11.3,9.9,Maruti,Ertiga
Maruti Alto LX,5,2010,94753,Petrol,Manual,First,19.7,796,46.3,5.0,4.45,1.95,Maruti,Alto
Maruti Wagon R LXI,4,2012,68347,Petrol,Manual,First,18.9,998,67.1,5.0,5.5,2.6,Maruti,Wagon
Maruti Swift Dzire VDi,6,2014,65000,Diesel,Manual,First,19.3,1248,73.9,5.0,8,5.31,Maruti,Swift
Maruti Ciaz ZXi Plus,7,2016,43152,Petrol,Manual,First,20.73,1373,91.1,5.0,11.1,7.35,Maruti,Ciaz
Maruti Alto 800 2016-2019 CNG LXI,4,2012,65537,CNG,Manual,Second,33.44,796,40.3,4.0,4.45,2.1,Maruti,Alto
Maruti Swift Dzire Tour LDI,2,2016,75000,Diesel,Manual,First,23.4,1248,74.0,5.0,8,4.25,Maruti,Swift
Maruti Alto LXi,8,2008,38000,Petrol,Manual,First,19.7,796,46.3,5.0,4.45,1.1,Maruti,Alto
Maruti Ertiga ZXI,10,2013,82543,Petrol,Manual,First,16.02,1373,93.7,7.0,11.3,5.5,Maruti,Ertiga
Maruti Swift Dzire VDi,5,2010,130000,Diesel,Manual,First,19.3,1248,73.9,5.0,8,3.85,Maruti,Swift
Maruti Ertiga LXI,0,2012,28002,Petrol,Manual,First,16.02,1373,93.7,7.0,11.3,5.75,Maruti,Ertiga
Maruti Swift Dzire VXI,8,2014,45000,Petrol,Manual,First,19.1,1197,85.8,5.0,8,3.99,Maruti,Swift
Maruti Swift Dzire Tour LDI,8,2015,168205,Diesel,Manual,First,23.4,1248,74.0,5.0,8,4.0,Maruti,Swift
Maruti Ertiga SHVS VDI,5,2015,93700,Diesel,Manual,First,24.52,1248,88.5,7.0,11.3,7.85,Maruti,Ertiga
Maruti Ciaz Alpha,9,2017,19416,Petrol,Manual,First,21.56,1462,103.25,5.0,11.1,8.25,Maruti,Ciaz
Maruti Swift Dzire VXi,9,2012,15500,Petrol,Manual,First,17.5,1298,85.8,5.0,8,3.75,Maruti,Swift
Maruti Swift VDI BSIV W ABS,1,2015,62588,Diesel,Manual,First,17.8,1248,85.8,5.0,8,5.95,Maruti,Swift
Maruti Wagon R VXI,9,2010,19119,Petrol,Manual,First,18.9,998,67.1,5.0,5.5,2.7,Maruti,Wagon
Maruti Alto K10 LXI Optional,10,2016,7000,Petrol,Manual,First,24.07,998,67.1,5.0,4.45,3.0,Maruti,Alto
Maruti Swift Dzire VDI Optional,5,2016,30000,Diesel,Manual,First,26.59,1248,74.0,5.0,8,6.0,Maruti,Swift
Maruti Ciaz VDi Plus SHVS,9,2016,38151,Diesel,Manual,First,28.09,1248,88.5,5.0,11.1,7.65,Maruti,Ciaz
Maruti Ciaz ZDi Plus,6,2015,65218,Diesel,Manual,First,26.21,1248,88.5,5.0,11.1,7.4,Maruti,Ciaz
Maruti Ciaz AT ZXi,7,2015,50979,Petrol,Automatic,First,19.12,1373,91.1,5.0,11.1,6.9,Maruti,Ciaz
Maruti Swift VXI BSIV,10,2014,42000,Petrol,Manual,Second,20.4,1197,81.8,5.0,8,3.6,Maruti,Swift
Maruti Swift Lxi BSIII,10,2011,70000,Petrol,Manual,First,16.1,1298,88.2,5.0,8,1.3,Maruti,Swift
Maruti Wagon R LXI BS IV,9,2010,70000,Petrol,Manual,First,18.9,998,67.1,5.0,5.5,2.1,Maruti,Wagon
Maruti Swift Dzire VDI,6,2014,61000,Diesel,Manual,First,23.4,1248,74.0,5.0,8,5.35,Maruti,Swift
Maruti Alto LXi,2,2006,68000,Petrol,Manual,First,19.7,796,46.3,5.0,4.45,1.5,Maruti,Alto
Maruti Swift RS VDI,5,2013,73212,Diesel,Manual,First,22.9,1248,74.0,5.0,8,5.2,Maruti,Swift
Maruti Swift VDI BSIV,8,2013,115195,Diesel,Manual,First,25.2,1248,74.0,5.0,8,3.85,Maruti,Swift
Maruti Swift Ldi BSIII,2,2010,84072,Diesel,Manual,First,17.8,1248,75.0,5.0,8,3.45,Maruti,Swift
Maruti Alto K10 VXI,6,2016,51264,Petrol,Manual,First,24.07,998,67.1,5.0,4.45,3.2,Maruti,Alto
Maruti Ciaz ZXi Plus,9,2015,30000,Petrol,Manual,First,20.73,1373,91.1,5.0,11.1,6.55,Maruti,Ciaz
Maruti Swift VXI BSIV,9,2008,69000,Petrol,Manual,Second,20.4,1197,81.8,5.0,8,2.15,Maruti,Swift
Maruti Ciaz ZDi,4,2015,46166,Diesel,Manual,Second,26.21,1248,88.5,5.0,11.1,5.5,Maruti,Ciaz
Maruti Wagon R VXI BS IV,10,2015,25200,Petrol,Manual,First,18.9,998,67.1,5.0,5.5,3.35,Maruti,Wagon
Maruti Ciaz VXi Plus,9,2015,51579,Petrol,Manual,First,20.73,1373,91.1,5.0,11.1,5.95,Maruti,Ciaz
Maruti Wagon R VXI,10,2014,38958,Petrol,Manual,First,22.5,998,67.04,5.0,5.5,3.41,Maruti,Wagon
Maruti Alto LXi BSIII,5,2009,85000,Petrol,Manual,Second,19.7,796,46.3,5.0,4.45,1.8,Maruti,Alto
Maruti Swift Dzire ZXI,2,2017,28000,Petrol,Manual,First,20.85,1197,83.14,5.0,8,6.25,Maruti,Swift
Maruti Wagon R CNG LXI,9,2014,47200,CNG,Manual,First,33.54,998,67.04,5.0,5.5,2.85,Maruti,Wagon
Maruti Wagon R LXI BS IV,10,2013,32425,Petrol,Manual,First,20.51,998,67.04,5.0,5.5,3.0,Maruti,Wagon
Maruti Swift Vdi BSIII,1,2012,62000,Diesel,Manual,First,17.8,1248,75.0,5.0,8,4.5,Maruti,Swift
Maruti Swift Dzire VDi,5,2014,123900,Diesel,Manual,First,19.3,1248,73.9,5.0,8,5.4,Maruti,Swift
Maruti Wagon R LXI BS IV,4,2015,13008,Petrol,Manual,First,20.51,998,67.04,5.0,5.5,3.5,Maruti,Wagon
Maruti Wagon R VXI Plus,8,2018,10000,Petrol,Manual,First,20.51,998,67.04,5.0,5.5,4.5,Maruti,Wagon
Maruti Swift Dzire LXI,4,2014,56510,Petrol,Manual,First,19.1,1197,85.8,5.0,8,3.9,Maruti,Swift
Maruti Wagon R LXI BS IV,8,2011,34000,Petrol,Manual,First,18.9,998,67.1,5.0,5.5,2.25,Maruti,Wagon
Maruti Ertiga VDI,2,2016,86000,Diesel,Manual,Second,25.47,1248,88.5,7.0,11.3,8.2,Maruti,Ertiga
Maruti Swift VXI BSIV,3,2016,57932,Petrol,Manual,First,20.4,1197,81.8,5.0,8,6.39,Maruti,Swift
Maruti Alto 800 LXI,6,2015,25000,Petrol,Manual,First,22.74,796,47.3,5.0,4.45,2.75,Maruti,Alto
Maruti Wagon R VXI,3,2015,43053,Petrol,Manual,First,18.9,998,67.1,5.0,5.5,4.65,Maruti,Wagon
Maruti Alto K10 LXI,7,2014,51349,Petrol,Manual,First,24.07,998,67.1,5.0,4.45,2.93,Maruti,Alto
Maruti Wagon R LXI BSIII,10,2008,82500,Petrol,Manual,First,14.0,1061,64.0,5.0,5.5,1.75,Maruti,Wagon
Maruti Wagon R AMT VXI,6,2017,34000,Petrol,Automatic,First,20.51,998,67.0,5.0,5.5,4.35,Maruti,Wagon
Maruti Wagon R LXI,6,2011,80000,Petrol,Manual,First,18.9,998,67.1,5.0,5.5,2.5,Maruti,Wagon
Maruti Alto 800 2016-2019 VXI,8,2016,31006,Petrol,Manual,First,24.7,796,47.3,5.0,4.45,2.61,Maruti,Alto
Maruti Swift ZDi,1,2014,98000,Diesel,Manual,First,22.9,1248,74.0,5.0,8,6.1,Maruti,Swift
Maruti Alto LXi,9,2010,66000,Petrol,Manual,First,19.7,796,46.3,5.0,4.45,1.5,Maruti,Alto
Maruti Swift ZDi,6,2011,120000,Diesel,Manual,Second,22.9,1248,74.0,5.0,8,3.2,Maruti,Swift
Maruti Ertiga VDI,8,2014,45617,Diesel,Manual,First,20.77,1248,88.76,7.0,11.3,5.85,Maruti,Ertiga
Maruti Wagon R VXI AMT,9,2018,1997,Petrol,Automatic,First,22.5,998,67.0,5.0,5.5,4.45,Maruti,Wagon
Maruti Swift ZDi,2,2012,65060,Diesel,Manual,First,22.9,1248,74.0,5.0,8,4.8,Maruti,Swift
Maruti Ertiga VDI,3,2014,53817,Diesel,Manual,First,25.47,1248,88.5,7.0,11.3,7.56,Maruti,Ertiga
Maruti Wagon R AMT VXI,5,2016,35000,Petrol,Automatic,First,20.51,998,67.0,5.0,5.5,5.5,Maruti,Wagon
Maruti Swift DDiS VDI,3,2019,41075,Diesel,Manual,First,28.4,1248,74.0,5.0,8,8.4,Maruti,Swift
Maruti Swift ZXI,9,2016,19000,Petrol,Manual,First,20.4,1197,81.8,5.0,8,5.55,Maruti,Swift
Maruti Ciaz 1.3 S,1,2016,23988,Diesel,Manual,First,28.09,1248,88.5,5.0,11.1,7.75,Maruti,Ciaz
Maruti Wagon R LXI BSIII,10,2004,82000,Petrol,Manual,First,14.0,1061,64.0,5.0,5.5,0.85,Maruti,Wagon
Maruti Swift ZXI Plus,0,2018,2000,Petrol,Manual,First,22.0,1197,81.8,5.0,8,7.75,Maruti,Swift
Maruti Swift VDI BSIV,4,2014,24000,Diesel,Manual,First,25.2,1248,74.0,5.0,8,5.21,Maruti,Swift
Maruti Ciaz AT ZXi,9,2015,50940,Petrol,Automatic,First,19.12,1373,91.1,5.0,11.1,6.95,Maruti,Ciaz
Maruti Ciaz ZDi Plus SHVS,3,2016,54268,Diesel,Manual,First,28.09,1248,88.5,5.0,11.1,7.67,Maruti,Ciaz
Maruti Ciaz RS ZXi Plus,3,2016,60913,Petrol,Manual,First,20.73,1373,91.1,5.0,11.1,7.19,Maruti,Ciaz
Maruti Ertiga ZDI,8,2012,38092,Diesel,Manual,First,20.77,1248,88.8,7.0,11.3,5.2,Maruti,Ertiga
Maruti Swift Dzire AMT ZDI,2,2019,65000,Diesel,Automatic,First,26.59,1248,74.0,5.0,8,6.75,Maruti,Swift
Maruti Wagon R LXI,9,2010,12000,Petrol,Manual,First,22.5,998,67.04,5.0,5.5,2.45,Maruti,Wagon
Maruti Wagon R LXI CNG,7,2014,68365,CNG,Manual,First,26.6,998,58.16,5.0,5.5,3.77,Maruti,Wagon
Maruti Alto 800 LXI,7,2016,51639,Petrol,Manual,First,22.74,796,47.3,5.0,4.45,3.04,Maruti,Alto
Maruti Alto 800 VXI,8,2016,24300,Petrol,Manual,First,22.74,796,47.3,5.0,4.45,2.44,Maruti,Alto
Maruti Alto 800 2016-2019 LXI Optional,6,2019,3000,Petrol,Manual,First,24.7,796,47.3,5.0,4.45,3.5,Maruti,Alto
Maruti Swift ZDi,6,2013,92000,Diesel,Manual,Second,22.9,1248,74.0,5.0,8,4.35,Maruti,Swift
Maruti Swift VXI BSIII,2,2009,68000,Petrol,Manual,First,16.1,1298,88.2,5.0,8,2.9,Maruti,Swift
Maruti Wagon R VXI,6,2017,39867,Petrol,Manual,First,22.5,998,67.04,5.0,5.5,4.5,Maruti,Wagon
Maruti Alto 800 LXI,8,2017,2196,Petrol,Manual,First,22.74,796,47.3,5.0,4.45,2.75,Maruti,Alto
Maruti Swift Dzire LXI,7,2013,59350,Petrol,Manual,First,19.1,1197,85.8,5.0,8,4.16,Maruti,Swift
Maruti Wagon R VXI AMT,8,2017,17000,Petrol,Automatic,First,22.5,998,67.0,5.0,5.5,3.95,Maruti,Wagon
Maruti Alto K10 VXI AGS,2,2017,5500,Petrol,Automatic,First,24.07,998,67.1,5.0,4.45,4.25,Maruti,Alto
Maruti Swift Dzire VDI,5,2017,22000,Diesel,Manual,First,26.59,1248,74.0,5.0,8,7.95,Maruti,Swift
Maruti Alto 800 2016-2019 LXI,2,2016,61000,Petrol,Manual,First,24.7,796,47.3,5.0,4.45,2.9,Maruti,Alto
Maruti Wagon R VXI,9,2014,43628,Petrol,Manual,First,22.5,998,67.04,5.0,5.5,3.16,Maruti,Wagon
Maruti Alto K10 LXI,4,2016,35027,Petrol,Manual,First,24.07,998,67.1,5.0,4.45,3.0,Maruti,Alto
Maruti Ciaz VDi Plus SHVS,0,2015,59000,Diesel,Manual,First,28.09,1248,88.5,5.0,11.1,6.0,Maruti,Ciaz
Maruti Swift VDI BSIV,8,2015,45000,Diesel,Manual,First,25.2,1248,74.0,5.0,8,3.55,Maruti,Swift
Maruti Swift Dzire LDI,8,2016,85450,Diesel,Manual,First,26.59,1248,74.0,5.0,8,4.0,Maruti,Swift
Maruti Swift VDI,6,2013,88000,Diesel,Manual,First,22.9,1248,74.0,5.0,8,4.33,Maruti,Swift
Maruti Swift Ldi BSIV,10,2009,140000,Diesel,Manual,Second,17.8,1248,75.0,5.0,8,2.49,Maruti,Swift
Maruti Swift LDI Optional,6,2015,130000,Diesel,Manual,First,25.2,1248,74.0,5.0,8,4.5,Maruti,Swift
Maruti Alto LXi BSII,10,2003,69966,Petrol,Manual,First,19.7,796,46.3,5.0,4.45,0.95,Maruti,Alto
Maruti Swift ZXI,5,2011,53080,Petrol,Manual,First,18.6,1197,85.8,5.0,8,4.4,Maruti,Swift
Maruti Ertiga VXI,0,2012,25000,Petrol,Manual,First,16.02,1373,93.7,7.0,11.3,5.35,Maruti,Ertiga
Maruti Ertiga VDI,10,2016,54161,Diesel,Manual,First,25.47,1248,88.5,7.0,11.3,7.64,Maruti,Ertiga
Maruti Alto LXi BSII,5,2011,28619,Petrol,Manual,First,19.7,796,46.3,5.0,4.45,2.4,Maruti,Alto
Maruti Wagon R AMT VXI,9,2016,9000,Petrol,Automatic,First,20.51,998,67.0,5.0,5.5,4.25,Maruti,Wagon
Maruti Alto LXi BSIII,1,2011,64000,Petrol,Manual,First,19.7,796,46.3,5.0,4.45,2.39,Maruti,Alto
Maruti Swift VDI,9,2013,35000,Diesel,Manual,First,22.9,1248,74.0,5.0,8,4.65,Maruti,Swift
Maruti Wagon R LX,6,2006,110000,Petrol,Manual,First,18.9,998,67.1,5.0,5.5,1.11,Maruti,Wagon
Maruti Alto 800 VXI,3,2016,18043,Petrol,Manual,First,22.74,796,47.3,5.0,4.45,4.12,Maruti,Alto
Maruti Swift Dzire VDI,0,2015,69000,Diesel,Manual,First,26.59,1248,74.0,5.0,8,5.9,Maruti,Swift
Maruti Alto 800 LXI,10,2013,30000,Petrol,Manual,First,22.74,796,47.3,5.0,4.45,2.5,Maruti,Alto
Maruti Ertiga SHVS VDI,5,2017,17400,Diesel,Manual,First,24.52,1248,88.5,7.0,11.3,9.75,Maruti,Ertiga
Maruti Wagon R LXI BS IV,4,2011,68000,Petrol,Manual,First,18.9,998,67.1,5.0,5.5,2.5,Maruti,Wagon
Maruti Alto 800 LXI,7,2015,21652,Petrol,Manual,First,22.74,796,47.3,5.0,4.45,3.01,Maruti,Alto
Maruti Ciaz 1.3 Alpha,7,2018,39023,Diesel,Manual,First,28.09,1248,88.5,5.0,11.1,9.48,Maruti,Ciaz
Maruti Wagon R LXI,6,2004,62000,Petrol,Manual,Second,18.9,998,67.1,5.0,5.5,1.25,Maruti,Wagon
Maruti Ciaz VDi Plus SHVS,8,2015,34400,Diesel,Manual,First,28.09,1248,88.5,5.0,11.1,5.5,Maruti,Ciaz
Maruti Ertiga VXI,9,2014,69192,Petrol,Manual,First,16.02,1373,93.7,7.0,11.3,6.25,Maruti,Ertiga
Maruti Alto 800 2016-2019 CNG LXI,7,2017,24310,CNG,Manual,First,33.44,796,40.3,4.0,4.45,3.7,Maruti,Alto
Maruti Swift VDI,8,2014,47000,Diesel,Manual,First,22.9,1248,74.0,5.0,8,3.9,Maruti,Swift
Maruti Alto LXI,5,2007,52195,Petrol,Manual,First,19.7,796,46.3,5.0,4.45,1.75,Maruti,Alto
Maruti Ciaz VDi Plus,2,2015,90000,Diesel,Manual,First,26.21,1248,88.5,5.0,11.1,6.5,Maruti,Ciaz
Maruti Swift VDI,10,2012,94868,Diesel,Manual,First,22.9,1248,74.0,5.0,8,4.5,Maruti,Swift
Maruti Alto Vxi 1.1,2,2002,103653,Petrol,Manual,Second,18.9,1061,47.0,5.0,4.45,1.22,Maruti,Alto
Maruti Alto K10 VXI,7,2015,23876,Petrol,Manual,First,24.07,998,67.1,5.0,4.45,3.46,Maruti,Alto
Maruti Swift VDI,8,2014,25000,Diesel,Manual,First,22.9,1248,74.0,5.0,8,3.95,Maruti,Swift
Maruti Swift Dzire VXi,1,2009,65000,Petrol,Manual,Second,17.5,1298,85.8,5.0,8,3.1,Maruti,Swift
Maruti Alto LXi BSII,9,2008,54000,Petrol,Manual,First,19.7,796,46.3,5.0,4.45,1.1,Maruti,Alto
Maruti Wagon R VXI 1.2,8,2014,37000,Petrol,Manual,First,21.5,1197,81.8,5.0,5.5,2.8,Maruti,Wagon
Maruti Ciaz ZDi Plus,9,2016,29000,Diesel,Manual,First,26.21,1248,88.5,5.0,11.1,8.75,Maruti,Ciaz
Maruti Swift VXI BSIV,0,2015,36100,Petrol,Manual,First,20.4,1197,81.8,5.0,8,4.5,Maruti,Swift
Maruti Alto K10 2010-2014 VXI,5,2013,30131,Petrol,Manual,First,20.92,998,67.1,5.0,4.45,2.65,Maruti,Alto
Maruti Alto 800 2016-2019 VXI,5,2017,2530,Petrol,Manual,First,24.7,796,47.3,5.0,4.45,3.3,Maruti,Alto
Maruti Swift Vdi BSIII,2,2008,107000,Diesel,Manual,Second,17.8,1248,75.0,5.0,8,3.1,Maruti,Swift
Maruti Swift Dzire ZXI,9,2014,48241,Petrol,Manual,First,19.1,1197,85.8,5.0,8,4.5,Maruti,Swift
Maruti Wagon R LXI,7,2014,52431,Petrol,Manual,First,22.5,998,67.04,5.0,5.5,3.01,Maruti,Wagon
Maruti Swift Dzire VDI,5,2014,81768,Diesel,Manual,First,26.59,1248,74.0,5.0,8,5.69,Maruti,Swift
Maruti Wagon R LXI CNG,10,2014,58000,CNG,Manual,First,26.6,998,58.16,5.0,5.5,3.0,Maruti,Wagon
Maruti Swift Dzire VDI,6,2015,58000,Diesel,Manual,First,23.4,1248,74.0,5.0,8,5.25,Maruti,Swift
Maruti Swift Dzire VDI,10,2014,197000,Diesel,Manual,First,23.4,1248,74.0,5.0,8,5.0,Maruti,Swift
Maruti Swift VDI,6,2012,160000,Diesel,Manual,Second,22.9,1248,74.0,5.0,8,3.9,Maruti,Swift
Maruti Swift Ldi BSIII,1,2008,100000,Diesel,Manual,Second,17.8,1248,75.0,5.0,8,3.0,Maruti,Swift
Maruti Alto LXi,6,2011,100000,Petrol,Manual,First,19.7,796,46.3,5.0,4.45,1.5,Maruti,Alto
Maruti Swift VXI BSIV,1,2006,80010,Petrol,Manual,Second,20.4,1197,81.8,5.0,8,2.85,Maruti,Swift
Maruti Alto 800 VXI,6,2014,45700,Petrol,Manual,Second,22.74,796,47.3,5.0,4.45,2.42,Maruti,Alto
Maruti Swift Vdi BSIII,6,2010,152000,Diesel,Manual,First,17.8,1248,75.0,5.0,8,2.9,Maruti,Swift
Maruti Swift Dzire VDI Optional,8,2015,36000,Diesel,Manual,First,26.59,1248,74.0,5.0,8,4.7,Maruti,Swift
Maruti Ciaz ZXi,3,2016,41810,Petrol,Manual,First,20.73,1373,91.1,5.0,11.1,7.11,Maruti,Ciaz
Maruti Alto K10 2010-2014 VXI,5,2011,81000,Petrol,Manual,First,20.92,998,67.1,5.0,4.45,2.2,Maruti,Alto
Maruti Swift VXI BSIII W/ ABS,7,2018,14589,Petrol,Manual,First,16.1,1298,88.2,5.0,8,5.65,Maruti,Swift
Maruti Swift Dzire VDI,10,2015,131000,Diesel,Manual,First,26.59,1248,74.0,5.0,8,3.6,Maruti,Swift
Maruti Swift VDI BSIV,2,2013,87192,Diesel,Manual,First,25.2,1248,74.0,5.0,8,4.35,Maruti,Swift
Maruti Swift Dzire VDi,6,2011,110000,Diesel,Manual,First,19.3,1248,73.9,5.0,8,3.5,Maruti,Swift
Maruti Swift Dzire VDI,8,2014,42109,Diesel,Manual,First,23.4,1248,74.0,5.0,8,4.25,Maruti,Swift
Maruti Alto 800 LXI,5,2013,30852,Petrol,Manual,First,22.74,796,47.3,5.0,4.45,2.49,Maruti,Alto
Maruti Swift Dzire LDI,4,2013,72000,Diesel,Manual,First,23.4,1248,74.0,5.0,8,2.69,Maruti,Swift
Maruti Swift Dzire ZDI,8,2017,14000,Diesel,Manual,First,26.59,1248,74.0,5.0,8,7.5,Maruti,Swift
Maruti Swift ZDi,2,2012,58133,Diesel,Manual,First,22.9,1248,74.0,5.0,8,4.8,Maruti,Swift
Maruti Swift Dzire VXi,10,2013,55000,Petrol,Manual,First,17.5,1298,85.8,5.0,8,4.25,Maruti,Swift
Maruti Swift VDI BSIV W ABS,5,2016,64000,Diesel,Manual,First,17.8,1248,85.8,5.0,8,5.99,Maruti,Swift
Maruti Swift Dzire VDi,8,2009,34000,Diesel,Manual,First,19.3,1248,73.9,5.0,8,2.19,Maruti,Swift
Maruti Alto K10 VXI,10,2014,17000,Petrol,Manual,First,24.07,998,67.1,5.0,4.45,2.1,Maruti,Alto
Maruti Swift VXI BSIV,5,2014,61922,Petrol,Manual,First,20.4,1197,81.8,5.0,8,5.3,Maruti,Swift
Maruti Alto 800 2016-2019 LXI,4,2016,35000,Petrol,Manual,First,24.7,796,47.3,5.0,4.45,2.65,Maruti,Alto
Maruti Alto K10 2010-2014 VXI,3,2012,65349,Petrol,Manual,First,20.92,998,67.1,5.0,4.45,2.81,Maruti,Alto
Maruti Swift VXi BSIV,9,2012,61000,Petrol,Manual,First,16.1,1197,85.0,5.0,8,3.3,Maruti,Swift
Maruti Wagon R VXI,7,2019,31817,Petrol,Manual,First,22.5,998,67.04,5.0,5.5,5.34,Maruti,Wagon
Maruti Swift VXI BSIII W/ ABS,10,2010,90246,Petrol,Manual,First,16.1,1298,88.2,5.0,8,2.95,Maruti,Swift
Maruti Alto LXi,8,2008,42000,Petrol,Manual,First,19.7,796,46.3,5.0,4.45,1.09,Maruti,Alto
Maruti Alto K10 VXI AGS,6,2017,18491,Petrol,Automatic,First,24.07,998,67.1,5.0,4.45,3.9,Maruti,Alto
Maruti Swift Dzire ZDi,4,2012,71082,Diesel,Manual,First,19.3,1248,73.9,5.0,8,3.95,Maruti,Swift
Maruti Swift VDI BSIV,5,2014,89000,Diesel,Manual,First,25.2,1248,74.0,5.0,8,5.85,Maruti,Swift
Maruti Swift ZXI,10,2013,52000,Petrol,Manual,First,18.6,1197,85.8,5.0,8,3.95,Maruti,Swift
Maruti Ertiga ZXI,1,2014,68000,Petrol,Manual,Second,16.02,1373,93.7,7.0,11.3,6.75,Maruti,Ertiga
Maruti Wagon R LXI,6,2007,71000,Petrol,Manual,Second,18.9,998,67.1,5.0,5.5,1.5,Maruti,Wagon
Maruti Alto 800 2016-2019 VXI,8,2016,4000,Petrol,Manual,First,24.7,796,47.3,5.0,4.45,3.0,Maruti,Alto
Maruti Swift Dzire VDI,2,2016,71156,Diesel,Manual,First,26.59,1248,74.0,5.0,8,6.5,Maruti,Swift
Maruti Swift LXI BSIV,3,2008,50121,Petrol,Manual,First,20.4,1197,83.11,5.0,8,3.41,Maruti,Swift
Maruti Alto K10 VXI AGS,2,2015,25000,Petrol,Automatic,First,24.07,998,67.1,5.0,4.45,3.5,Maruti,Alto
Maruti Ertiga VDI,10,2014,71899,Diesel,Manual,First,20.77,1248,88.76,7.0,11.3,7.25,Maruti,Ertiga
Maruti Ertiga ZDI,9,2013,75000,Diesel,Manual,First,20.77,1248,88.8,7.0,11.3,6.55,Maruti,Ertiga
Maruti Swift Dzire 1.2 Vxi BSIV,4,2011,69313,Petrol,Manual,Second,17.5,1197,85.8,5.0,8,2.65,Maruti,Swift
Maruti Swift VDI,0,2013,60000,Diesel,Manual,First,22.9,1248,74.0,5.0,8,4.15,Maruti,Swift
Maruti Alto K10 VXI,7,2015,37929,Petrol,Manual,First,24.07,998,67.1,5.0,4.45,3.69,Maruti,Alto
Maruti Swift VDI,5,2015,62000,Diesel,Manual,First,28.4,1248,74.0,5.0,8,6.3,Maruti,Swift
Maruti Alto 800 LXI,6,2017,30000,Petrol,Manual,First,22.74,796,47.3,5.0,4.45,3.1,Maruti,Alto
Maruti Ertiga ZXI,9,2012,25000,Petrol,Manual,Second,17.5,1373,91.1,7.0,11.3,5.15,Maruti,Ertiga
Maruti Ciaz ZXi Option,7,2016,25418,Petrol,Manual,First,20.73,1373,91.2,5.0,11.1,7.09,Maruti,Ciaz
Maruti Swift Dzire ZDi,3,2013,38995,Diesel,Manual,First,19.3,1248,73.9,5.0,8,6.46,Maruti,Swift
Maruti Wagon R LX BSIII,9,2007,50000,Petrol,Manual,Second,17.3,1061,64.0,5.0,5.5,1.1,Maruti,Wagon
Maruti Swift VDI,7,2016,65210,Diesel,Manual,First,22.9,1248,74.0,5.0,8,5.48,Maruti,Swift
Maruti Swift Dzire VXi,5,2012,50000,Petrol,Manual,First,17.5,1298,85.8,5.0,8,3.0,Maruti,Swift
Maruti Ertiga VDI,10,2012,63001,Diesel,Manual,Second,20.77,1248,88.76,7.0,11.3,6.11,Maruti,Ertiga
Maruti Swift Dzire VXI,1,2012,69242,Petrol,Manual,First,19.1,1197,85.8,5.0,8,4.69,Maruti,Swift
Maruti Alto 800 2016-2019 LXI,9,2018,11000,Petrol,Manual,First,24.7,796,47.3,5.0,4.45,3.35,Maruti,Alto
Maruti Ciaz VXi Plus,9,2015,41000,Petrol,Manual,First,20.73,1373,91.1,5.0,11.1,5.85,Maruti,Ciaz
Maruti Swift Dzire LDI,5,2017,44504,Diesel,Manual,First,23.4,1248,74.0,5.0,8,5.6,Maruti,Swift
Maruti Swift LDI,6,2015,39437,Diesel,Manual,First,28.4,1248,74.0,5.0,8,5.15,Maruti,Swift
Maruti Swift Dzire LXi,5,2009,71346,Petrol,Manual,First,17.5,1298,85.8,5.0,8,3.8,Maruti,Swift
Maruti Ciaz ZXi,9,2015,48823,Petrol,Manual,First,20.73,1373,91.1,5.0,11.1,6.35,Maruti,Ciaz
Maruti Ertiga VDI,7,2018,51236,Diesel,Manual,First,25.47,1248,88.5,7.0,11.3,8.49,Maruti,Ertiga
Maruti Ciaz 1.4 Delta,3,2018,7784,Petrol,Manual,First,20.73,1373,91.1,5.0,11.1,8.76,Maruti,Ciaz
Maruti Swift VDI BSIV,5,2014,108000,Diesel,Manual,First,25.2,1248,74.0,5.0,8,5.5,Maruti,Swift
Maruti Wagon R VXI AMT,4,2016,30000,Petrol,Automatic,First,22.5,998,67.0,5.0,5.5,4.25,Maruti,Wagon
Maruti Wagon R VXI AMT1.2,9,2015,26000,Petrol,Automatic,First,21.5,1197,81.8,5.0,5.5,3.65,Maruti,Wagon
Maruti Wagon R LX BSII,2,2006,40000,Petrol,Manual,First,18.9,998,67.1,5.0,5.5,2.0,Maruti,Wagon
Maruti Swift VDI BSIV,5,2014,81609,Diesel,Manual,First,17.8,1248,67.1,5.0,8,5.55,Maruti,Swift
Maruti Swift Dzire LDi,0,2010,83000,Diesel,Manual,First,19.3,1248,73.9,5.0,8,2.75,Maruti,Swift
Maruti Wagon R VXI,6,2017,35362,Petrol,Manual,First,22.5,998,67.04,5.0,5.5,3.85,Maruti,Wagon
Maruti Alto K10 VXI AGS,3,2018,31919,Petrol,Automatic,First,24.07,998,67.1,5.0,4.45,4.56,Maruti,Alto
Maruti Swift Dzire VDI,9,2012,80753,Diesel,Manual,Second,23.4,1248,74.0,5.0,8,4.5,Maruti,Swift
Maruti Swift VDI,10,2014,103000,Diesel,Manual,Second,28.4,1248,74.0,5.0,8,5.25,Maruti,Swift
Maruti Wagon R Duo LX BSIII,5,2012,72389,LPG,Manual,First,26.2,998,58.2,5.0,5.5,3.2,Maruti,Wagon
Maruti Alto K10 VXI,6,2016,35000,Petrol,Manual,First,24.07,998,67.1,5.0,4.45,3.0,Maruti,Alto
Maruti Swift Dzire VDi,6,2012,72000,Diesel,Manual,First,19.3,1248,73.9,5.0,8,4.25,Maruti,Swift
Maruti Ertiga VDI,10,2013,43486,Diesel,Manual,First,20.77,1248,88.76,7.0,11.3,6.6,Maruti,Ertiga
Maruti Swift Dzire VDI,6,2015,68310,Diesel,Manual,First,23.4,1248,74.0,5.0,8,5.95,Maruti,Swift
Maruti Ciaz VDI SHVS,7,2018,17804,Diesel,Manual,Second,28.09,1248,88.5,5.0,11.1,7.97,Maruti,Ciaz
Maruti Ciaz VDI SHVS,5,2016,62287,Diesel,Manual,First,28.09,1248,88.5,5.0,11.1,7.9,Maruti,Ciaz
Maruti Ciaz ZDi Plus,5,2015,47883,Diesel,Manual,Second,26.21,1248,88.5,5.0,11.1,7.4,Maruti,Ciaz
Maruti Swift Dzire LDI,4,2015,40000,Diesel,Manual,Second,26.59,1248,74.0,5.0,8,4.5,Maruti,Swift
Maruti Wagon R ZXI AMT 1.2,9,2019,600,Petrol,Automatic,First,21.5,1197,81.8,5.0,5.5,6.25,Maruti,Wagon
Maruti Wagon R LX BSII,4,2006,86000,Petrol,Manual,Second,18.9,998,67.1,5.0,5.5,1.0,Maruti,Wagon
Maruti Swift Dzire Tour LDI,8,2013,160000,Diesel,Manual,Second,23.4,1248,74.0,5.0,8,2.5,Maruti,Swift
Maruti Swift Dzire VDI,5,2015,59572,Diesel,Manual,First,26.59,1248,74.0,5.0,8,6.85,Maruti,Swift
Maruti Swift VDI,6,2016,55000,Diesel,Manual,First,22.9,1248,74.0,5.0,8,5.65,Maruti,Swift
Maruti Wagon R LX,10,2003,125000,Petrol,Manual,Second,18.9,998,67.1,5.0,5.5,0.8,Maruti,Wagon
Maruti Ciaz ZDi Plus SHVS,0,2015,52000,Diesel,Manual,First,28.09,1248,88.5,5.0,11.1,6.9,Maruti,Ciaz
Maruti Wagon R LXI CNG,9,2015,22001,CNG,Manual,First,26.6,998,58.16,5.0,5.5,3.65,Maruti,Wagon
Maruti Swift Dzire LXI,4,2015,24296,Petrol,Manual,First,20.85,1197,83.14,5.0,8,4.65,Maruti,Swift
Maruti Wagon R LXI,0,2008,60123,Petrol,Manual,Second,18.9,998,67.1,5.0,5.5,1.95,Maruti,Wagon
Maruti Alto 800 LXI,7,2017,27718,Petrol,Manual,First,22.74,796,47.3,5.0,4.45,3.28,Maruti,Alto
Maruti Alto 800 CNG LXI,9,2013,26200,CNG,Manual,First,30.46,796,47.3,5.0,4.45,2.15,Maruti,Alto
Maruti Alto LXi,8,2007,18700,Petrol,Manual,Second,19.7,796,46.3,5.0,4.45,1.25,Maruti,Alto
Maruti Wagon R LXI BS IV,8,2015,36428,Petrol,Manual,First,20.51,998,67.04,5.0,5.5,3.1,Maruti,Wagon
Maruti Swift ZDi,0,2013,58653,Diesel,Manual,First,25.2,1248,74.0,5.0,8,4.4,Maruti,Swift
Maruti Swift Dzire VDi,5,2014,76126,Diesel,Manual,First,19.3,1248,73.9,5.0,8,6.6,Maruti,Swift
Maruti Wagon R LXI CNG,4,2014,62549,CNG,Manual,First,26.6,998,58.16,5.0,5.5,2.95,Maruti,Wagon
Maruti Ciaz VDi Plus SHVS,5,2015,67048,Diesel,Manual,First,28.09,1248,88.5,5.0,11.1,7.9,Maruti,Ciaz
Maruti Alto K10 2010-2014 VXI,5,2011,78000,Petrol,Manual,Second,20.92,998,67.1,5.0,4.45,2.3,Maruti,Alto
Maruti Swift Dzire VXi,10,2010,49900,Petrol,Manual,Second,17.5,1298,85.8,5.0,8,3.3,Maruti,Swift
Maruti Swift ZXI ABS,3,2012,78212,Petrol,Manual,First,16.1,1298,88.2,5.0,8,5.35,Maruti,Swift
Maruti Wagon R LXI BSII,4,2012,52000,Petrol,Manual,First,18.9,998,67.1,5.0,5.5,2.45,Maruti,Wagon
Maruti Alto K10 2010-2014 VXI,7,2014,36967,Petrol,Manual,First,20.92,998,67.1,5.0,4.45,3.64,Maruti,Alto
Maruti Swift VDI,10,2014,84000,Diesel,Manual,First,22.9,1248,74.0,5.0,8,5.25,Maruti,Swift
Maruti Wagon R VXI BS IV,8,2011,37000,Petrol,Manual,Second,18.9,998,67.1,5.0,5.5,2.1,Maruti,Wagon
Maruti Ertiga VXI CNG,9,2017,23700,CNG,Manual,First,17.5,1373,80.46,7.0,11.3,8.25,Maruti,Ertiga
Maruti Wagon R LXI CNG,10,2015,55000,CNG,Manual,First,26.6,998,58.16,5.0,5.5,3.7,Maruti,Wagon
Maruti Alto K10 VXI AGS,0,2017,20000,Petrol,Automatic,First,24.07,998,67.1,5.0,4.45,4.0,Maruti,Alto
Maruti Swift Dzire VDI,8,2014,28000,Diesel,Manual,First,23.4,1248,74.0,5.0,8,4.65,Maruti,Swift
Maruti Alto K10 2010-2014 VXI,2,2014,52000,Petrol,Manual,First,20.92,998,67.1,5.0,4.45,2.7,Maruti,Alto
Maruti Ertiga ZDI,5,2015,59245,Diesel,Manual,First,20.77,1248,88.8,7.0,11.3,8.5,Maruti,Ertiga
Maruti Alto Std,5,2004,81500,Petrol,Manual,Second,19.7,796,46.3,5.0,4.45,1.3,Maruti,Alto
Maruti Wagon R LX,10,2004,94000,Petrol,Manual,Second,18.9,998,67.1,5.0,5.5,1.0,Maruti,Wagon
Maruti Swift Dzire Vdi BSIV,9,2013,65000,Diesel,Manual,Second,19.3,1248,73.9,5.0,8,4.99,Maruti,Swift
Maruti Wagon R LXI CNG,9,2012,72000,CNG,Manual,First,26.2,998,58.2,5.0,5.5,2.25,Maruti,Wagon
Maruti Ciaz 1.4 AT Alpha,5,2017,15234,Petrol,Automatic,First,19.12,1373,91.1,5.0,11.1,9.95,Maruti,Ciaz
Maruti Swift Dzire ZDi,2,2010,100000,Diesel,Manual,First,19.3,1248,73.9,5.0,8,4.5,Maruti,Swift
Maruti Swift Dzire VXI Optional,2,2015,49900,Petrol,Manual,First,20.85,1197,83.14,5.0,8,4.8,Maruti,Swift
Maruti Ertiga VXI,9,2012,52500,Petrol,Manual,Second,16.02,1373,93.7,7.0,11.3,5.25,Maruti,Ertiga
Maruti Alto 800 2016-2019 LXI,2,2016,5700,Petrol,Manual,First,24.7,796,47.3,5.0,4.45,2.8,Maruti,Alto
Maruti Alto K10 LXI CNG,10,2015,59525,CNG,Manual,Second,32.26,998,58.2,4.0,4.45,3.1,Maruti,Alto
Maruti Ertiga VXI AT Petrol,9,2017,28000,Petrol,Automatic,First,18.69,1462,103.0,7.0,11.3,8.0,Maruti,Ertiga
Maruti Swift Lxi BSIII,10,2009,90456,Petrol,Manual,Second,16.1,1298,88.2,5.0,8,3.0,Maruti,Swift
Maruti Wagon R VXI BS IV,5,2018,1048,Petrol,Manual,First,18.9,998,67.1,5.0,5.5,4.7,Maruti,Wagon
Maruti Ertiga VXI,1,2014,42000,Petrol,Manual,Second,16.02,1373,93.7,7.0,11.3,5.94,Maruti,Ertiga
Maruti Wagon R LX BSIII,4,2006,65771,Petrol,Manual,Second,17.3,1061,64.0,5.0,5.5,0.75,Maruti,Wagon
Maruti Swift VDI,5,2012,68238,Diesel,Manual,First,22.9,1248,74.0,5.0,8,4.8,Maruti,Swift
Maruti Wagon R Duo Lxi,6,2010,70000,LPG,Manual,First,26.2,998,58.2,5.0,5.5,2.27,Maruti,Wagon
Maruti Swift Dzire Vdi BSIV,4,2011,68000,Diesel,Manual,First,19.3,1248,73.9,5.0,8,2.75,Maruti,Swift
Maruti Swift VDI,4,2014,27365,Diesel,Manual,First,28.4,1248,74.0,5.0,8,4.75,Maruti,Swift
Maruti Wagon R VXI,8,2013,46000,Petrol,Manual,First,18.9,998,67.1,5.0,5.5,2.65,Maruti,Wagon
